,Fecha,Hidráulica,Eólica,Otras renovables,Residuos renovables,Solar
0,2020-01-01,151.481978,23.525794,8.373805,2.4544395,27.960236000000002
1,2020-01-02,159.171675,77.426389,8.407881999999999,2.1152715,22.901504000000003
2,2020-01-03,151.996921,84.09911199999999,8.992384,2.115966,18.079815
3,2020-01-04,139.873002,125.320489,9.549843,2.2216345,24.877053
4,2020-01-05,126.801179,61.809342,10.030028,2.2470905,32.12561
5,2020-01-06,130.350192,50.242116,10.472046,2.3360375,31.064896
6,2020-01-07,145.618109,55.450866000000005,10.822991,2.3243255,33.17445
7,2020-01-08,148.928277,59.253662,11.451666,1.8710025,32.108743000000004
8,2020-01-09,132.361763,135.41602600000002,10.871684,1.4645965,26.481815
9,2020-01-10,137.100784,173.83212,10.103661,1.6708615,26.129882
10,2020-01-11,111.030224,79.359488,10.667742,1.6957805,36.244022
11,2020-01-12,107.768537,58.418171,10.433588,1.6658605,36.626768
12,2020-01-13,132.610429,125.889808,10.499567,1.656981,25.784107
13,2020-01-14,126.556491,190.26769,11.775498,1.6035885,26.813549
14,2020-01-15,110.971813,191.376315,11.44501,1.715085,22.184988999999998
15,2020-01-16,104.292086,208.576737,11.887625,1.8167285,34.69151
16,2020-01-17,97.049244,206.43071,12.026847,1.841701,23.982480000000002
17,2020-01-18,80.01625299999999,194.899726,11.788214,1.8173435,10.231475
18,2020-01-19,82.743298,329.59027899999995,11.149881,1.7170425,18.122882
19,2020-01-20,108.681961,347.001229,10.837461,1.8995635,11.755409
20,2020-01-21,111.469814,276.167882,10.816387,2.4097785,9.822233
21,2020-01-22,142.70053099999998,155.545003,11.092345,2.335656,13.244024
22,2020-01-23,139.703137,78.496262,10.699506,2.497096,14.476919
23,2020-01-24,144.277569,59.825649,10.879572,2.3102065,12.59766
24,2020-01-25,128.129436,45.587571,11.061867,2.316553,10.257947
25,2020-01-26,98.992667,129.06876,10.713312,2.4049645,25.536614
26,2020-01-27,92.349355,261.456085,10.879817,2.371718,23.487792
27,2020-01-28,103.275679,220.347443,11.179536,2.3784465,15.689447000000001
28,2020-01-29,101.300016,204.90613,12.106716,2.325466,19.572086000000002
29,2020-01-30,87.508033,225.931079,12.879051,2.4728515000000004,22.884995
30,2020-01-31,94.23338,191.346465,11.416217,2.4771025,22.401334000000002
31,2020-02-01,83.40529,232.966343,11.576965,2.425472,23.325808000000002
32,2020-02-02,83.116365,163.304516,11.129521,2.403716,36.600767000000005
33,2020-02-03,92.119269,121.332676,12.299891,2.371802,42.844556999999995
34,2020-02-04,85.611592,186.634777,12.43311,2.4400305,42.326282000000006
35,2020-02-05,99.862715,162.47138800000002,12.464199,2.4839475,41.736039
36,2020-02-06,118.542943,140.91042199999998,12.6848,2.324319,37.203977
37,2020-02-07,131.171837,97.034197,12.384513,2.3727255,26.213787999999997
38,2020-02-08,109.932993,72.469692,12.056461,2.296821,18.96691
39,2020-02-09,80.278717,168.086322,11.397844,2.318553,30.842069
40,2020-02-10,92.188166,223.50407,10.659654,2.192447,46.085474999999995
41,2020-02-11,119.530587,111.403069,10.679453,1.805432,31.437623
42,2020-02-12,142.504224,42.832043,10.05941,1.16893,17.26667
43,2020-02-13,100.709683,158.92042800000002,10.034285,1.4889965,23.047627000000002
44,2020-02-14,128.651208,66.95684200000001,12.355303,1.545224,43.076687
45,2020-02-15,81.63586199999999,122.789632,12.929081,1.5552,47.454750000000004
46,2020-02-16,63.900889,188.779346,11.860669,1.572485,49.004029
47,2020-02-17,87.48649499999999,182.665232,11.805512,2.047621,33.272045999999996
48,2020-02-18,111.92042,116.141921,12.13457,2.2987525,31.894061999999998
49,2020-02-19,119.351088,88.18199899999999,12.014457,2.282605,46.046423000000004
50,2020-02-20,121.075624,102.375944,12.89464,2.3545175,53.969663
51,2020-02-21,109.200396,98.495433,13.70179,2.358358,58.103809000000005
52,2020-02-22,100.066605,57.416051,13.78509,2.4266635,60.248669
53,2020-02-23,83.095095,54.987358,13.271369,2.3911075,63.290558000000004
54,2020-02-24,113.258826,68.447075,12.147859,2.3844185,62.767264
55,2020-02-25,77.156075,213.978677,12.107109,2.3256265,42.982798
56,2020-02-26,86.59832899999999,242.230001,11.408193,2.1623565,58.308963
57,2020-02-27,75.49469400000001,283.04324,11.68897,2.076449,58.19394
58,2020-02-28,90.562228,170.31495800000002,11.923172,2.2505855,47.880985
59,2020-02-29,50.177192000000005,332.63410600000003,11.729016,2.34307,26.980074000000002
60,2020-03-01,55.708393,358.412171,11.307887,2.253101,25.335759
61,2020-03-02,88.915025,346.732474,10.40832,2.0077915,33.817674
62,2020-03-03,90.539999,348.51372200000003,9.298765,2.006347,28.221956
63,2020-03-04,99.901803,296.276722,9.51033,2.0130935,37.874505
64,2020-03-05,89.587042,356.585844,10.397799,2.3093715,32.831078000000005
65,2020-03-06,96.917695,361.496353,10.963749,2.3767785,50.452558
66,2020-03-07,99.995865,212.428074,11.24917,2.2913065,56.238172999999996
67,2020-03-08,96.902373,176.55116,11.52788,2.2188335,58.586226999999994
68,2020-03-09,115.787193,229.675954,11.123888999999998,2.2589360000000003,59.075241
69,2020-03-10,127.372825,152.721226,12.082457,2.264815,63.051061000000004
70,2020-03-11,130.960951,75.975971,10.965635,2.229325,57.73740600000001
71,2020-03-12,131.315838,91.8693,10.5197,2.2704115,50.257334
72,2020-03-13,112.82231,154.610239,11.568121,2.249102,48.193777000000004
73,2020-03-14,111.531485,61.367905,12.408114,2.247199,58.099873
74,2020-03-15,80.572796,152.43405900000002,11.922758,2.2769325,45.366324
75,2020-03-16,103.072642,252.775154,11.770947,2.141484,24.440676
76,2020-03-17,103.090833,226.409863,12.310872,2.047246,31.578537
77,2020-03-18,133.250717,116.330445,11.441486,2.1076625,33.450519
78,2020-03-19,123.018368,119.208125,11.44867,2.153188,35.496554
79,2020-03-20,118.417164,133.334193,11.587811,2.269352,25.056085
80,2020-03-21,107.916161,73.732528,10.866212,2.447183,24.072158
81,2020-03-22,100.837184,48.688934,10.322202,2.34914,30.941603
82,2020-03-23,108.696302,122.413971,10.249692,1.575884,36.022483
83,2020-03-24,103.131106,134.707414,10.33608,1.5410864999999998,28.117265
84,2020-03-25,124.208863,55.44372,10.520374,1.6606569999999998,48.331865
85,2020-03-26,82.568196,196.718993,11.269317,1.6156365,65.941723
86,2020-03-27,103.648203,110.435009,11.902477,1.5491065000000002,43.143928
87,2020-03-28,103.027671,37.490199,12.453266,1.499032,62.073282999999996
88,2020-03-29,50.371233,153.591347,11.205596,1.3811675,65.695093
89,2020-03-30,57.349771,234.929098,11.945196,1.3709685,21.962082000000002
90,2020-03-31,62.625326,209.342042,11.411533,1.483872,21.673794
91,2020-04-01,88.548545,86.096515,11.421579,1.415567,37.709343
92,2020-04-02,76.169984,121.764942,12.199111,1.314759,45.440017000000005
93,2020-04-03,80.40746700000001,97.805107,12.268135,1.2483885,73.433903
94,2020-04-04,48.63784,188.95329500000005,11.33698,1.252934,52.145148999999996
95,2020-04-05,50.67242,188.727044,10.080382,1.1952455,51.053961
96,2020-04-06,80.473535,88.44111199999999,10.530745,1.2014855,30.832148
97,2020-04-07,83.029207,76.618084,11.004485,1.2659755,42.531847
98,2020-04-08,78.351371,66.72998600000001,11.14056,1.1379965,54.273474
99,2020-04-09,67.38083900000001,91.116817,11.744042,1.009752,28.689894
100,2020-04-10,65.035081,85.360437,11.236834,1.013505,35.091529
101,2020-04-11,69.584334,74.758509,11.491657,1.065919,43.360108000000004
102,2020-04-12,59.167791,105.120067,10.911991,1.269211,50.772534
103,2020-04-13,67.601495,75.169787,11.106045,1.277593,40.31105
104,2020-04-14,79.429507,99.032495,11.216339,1.2908545,42.853675
105,2020-04-15,76.980675,190.741951,10.802528,1.24362,31.249058
106,2020-04-16,81.091469,210.902326,10.639449,1.2124315,37.721399
107,2020-04-17,99.92647,160.81964499999998,10.372402,1.080914,33.007227
108,2020-04-18,108.539853,47.955286,10.95243,0.9927955,43.823771
109,2020-04-19,105.324705,75.030426,10.772362,0.9722315,46.111392
110,2020-04-20,106.318422,134.949331,10.226953,0.808631,40.272668
111,2020-04-21,120.211379,180.40452,10.454662,1.2032995000000002,34.118255000000005
112,2020-04-22,122.176715,135.228804,10.815863,1.091808,55.863699999999994
113,2020-04-23,150.029791,63.672276,11.934502,1.1152795000000002,57.198542
114,2020-04-24,146.491697,84.818772,12.093102,1.1436635000000002,57.09248
115,2020-04-25,135.543329,37.130968,12.311709,1.1946020000000002,34.630005
116,2020-04-26,132.55819699999998,58.182843,12.328994,1.192703,38.18351800000001
117,2020-04-27,146.605607,115.062989,12.132435,1.1936,38.196241
118,2020-04-28,134.375176,182.665941,12.042754,1.195565,53.392018
119,2020-04-29,110.96573,250.424744,10.632312,1.227725,75.43048999999999
120,2020-04-30,90.745981,321.082165,11.556451,1.2188175,50.660657
121,2020-05-01,73.20914200000001,269.98814,11.645923,1.307516,69.089835
122,2020-05-02,93.726338,153.43691099999998,11.431314,1.298222,86.331422
123,2020-05-03,87.496447,64.515795,11.331435,1.2148415,86.770705
124,2020-05-04,81.710026,224.363036,10.606073,1.149181,68.36908500000001
125,2020-05-05,126.322484,109.457631,12.033416,1.196212,71.309145
126,2020-05-06,132.321032,52.368621,12.459136,1.2599395,80.21686600000001
127,2020-05-07,117.851691,155.544756,12.521106,1.2628265,55.808865999999995
128,2020-05-08,108.69278,116.741638,12.56966,0.9498565,77.887783
129,2020-05-09,95.552021,108.662944,12.259125,0.920769,48.78250700000001
130,2020-05-10,84.863512,152.268429,12.071885,1.2324755,44.313095999999994
131,2020-05-11,94.381696,185.886363,11.634539,1.3019745,47.24577800000001
132,2020-05-12,140.041483,62.050099,12.133222,1.3206745,25.650453000000002
133,2020-05-13,134.167973,68.485356,12.18581,1.3403545,46.450582999999995
134,2020-05-14,105.041032,149.603793,12.514421,1.2919955,26.433035
135,2020-05-15,103.657594,180.638795,12.187459,1.3379375,39.277063000000005
136,2020-05-16,90.886172,192.93466,11.893674,1.3046165,50.303865
137,2020-05-17,81.866827,113.556405,11.891449,1.107342,69.84469999999999
138,2020-05-18,90.726055,102.339908,13.041052,1.089873,91.757631
139,2020-05-19,79.951037,105.471648,13.948293,1.175115,93.44973999999999
140,2020-05-20,80.184821,53.044085,13.836014,1.161327,92.909223
141,2020-05-21,91.183296,52.270411,13.65632,1.042324,90.844846
142,2020-05-22,102.477359,52.115389,13.934243,0.9451335,91.486786
143,2020-05-23,67.321969,156.428713,13.632227,1.02196,88.534967
144,2020-05-24,64.920638,164.245851,12.518606,1.232968,86.318928
145,2020-05-25,71.125818,156.355239,13.384703,1.1319415,72.034251
146,2020-05-26,62.89119,205.516739,13.938037,0.931782,81.83069800000001
147,2020-05-27,68.696804,172.557804,14.068853,1.2341825,86.82768
148,2020-05-28,79.98509200000001,119.241901,14.089248,1.2397965,88.299477
149,2020-05-29,99.311816,73.825349,12.060167,1.238964,91.41716699999999
150,2020-05-30,77.83944,98.129232,10.989808,1.263212,85.884441
151,2020-05-31,71.856485,92.636678,10.822659,1.1456205,53.567413
152,2020-06-01,104.347586,46.94793,9.958895,1.089749,66.560577
153,2020-06-02,110.182691,42.483484,10.003172,1.3197255,67.746564
154,2020-06-03,90.673531,86.534613,11.382073,1.3463135,77.876881
155,2020-06-04,84.25501399999999,202.420754,12.390446,1.6625195,47.959055000000006
156,2020-06-05,84.647684,111.209698,12.705187,1.6948275000000002,87.030218
157,2020-06-06,66.94717200000001,92.723539,12.714189,1.662382,87.440735
158,2020-06-07,61.66759,193.729823,12.897778,1.5836225,66.13903
159,2020-06-08,63.52295,176.72667,12.901819,1.6241445,77.73782
160,2020-06-09,73.474734,138.168891,12.567657,1.3650909999999998,85.714904
161,2020-06-10,77.728275,87.730212,13.441921,1.1718810000000002,84.165673
162,2020-06-11,61.803296,209.19226,13.138283,1.2211655,74.565807
163,2020-06-12,68.455699,255.372536,13.405403,1.3803985,61.692282000000006
164,2020-06-13,63.364306,169.81074299999997,14.201049,1.6081645,81.748594
165,2020-06-14,59.629314,81.071565,13.287677,1.5989325,90.57598200000001
166,2020-06-15,72.44984600000001,83.71039200000001,12.750176,1.5210995,93.98687100000001
167,2020-06-16,74.560412,114.225379,13.371103,1.5573979999999998,77.624364
168,2020-06-17,82.445566,65.007894,13.402415,1.5535535,90.064378
169,2020-06-18,75.68849800000001,49.161566,13.569788,1.5733965,94.186928
170,2020-06-19,73.502581,62.153403,13.656357,1.5080445,93.21088499999999
171,2020-06-20,56.689605,63.65518,13.129758,1.561219,98.084391
172,2020-06-21,51.264222,99.134236,12.62416,1.494089,98.97957500000001
173,2020-06-22,70.023171,134.034201,11.59934,1.361643,98.191979
174,2020-06-23,87.63235499999999,107.379423,10.980719,1.2183105,91.30839200000001
175,2020-06-24,73.74471799999999,94.573799,11.018946,1.444799,72.83718300000001
176,2020-06-25,84.39116499999999,89.20808,11.334069,1.4142315,86.680978
177,2020-06-26,84.370303,120.228069,13.373068,1.432264,82.535721
178,2020-06-27,69.425274,98.675727,14.606723,1.224453,92.76146800000001
179,2020-06-28,65.40991,70.17626200000001,13.988762,1.053414,95.66204099999999
180,2020-06-29,80.600645,98.626494,13.376831,1.0596690000000002,95.59706399999999
181,2020-06-30,93.524645,99.904204,12.23023,1.0070535,90.677801
182,2020-07-01,89.48649499999999,95.440019,13.377259,1.2979215,94.85410999999999
183,2020-07-02,74.49601799999999,127.561809,13.42015,1.32878,96.940107
184,2020-07-03,51.459579,140.908031,13.094641,1.1646965,96.56600700000001
185,2020-07-04,45.789129,106.023913,12.462092,1.0039465,98.63863599999999
186,2020-07-05,45.433138,120.667839,11.63286,1.3064615,97.268044
187,2020-07-06,55.162235,207.13444,11.092399,1.376626,94.95449099999999
188,2020-07-07,62.477379,131.94201800000002,11.656606,1.4153015,88.85478800000001
189,2020-07-08,62.36301,157.183919,11.985332,1.3531685,65.847239
190,2020-07-09,57.596744,104.431615,10.965354,1.323702,82.836637
191,2020-07-10,51.673861,137.23356,11.91176,1.3397355,91.110088
192,2020-07-11,48.389354,222.362485,10.909541,1.3517355,88.666519
193,2020-07-12,39.57411,177.679113,10.738628,1.422362,71.919183
194,2020-07-13,53.600821,192.444881,9.786344,1.1946225,88.71067
195,2020-07-14,52.737757,201.168347,10.776405,1.0813525,76.91704999999999
196,2020-07-15,51.933483,226.237583,10.211316,1.1283610000000002,88.893881
197,2020-07-16,52.532964,194.790444,9.719756,1.154684,92.64904100000001
198,2020-07-17,54.668216,208.318751,10.280381,1.1115935,91.829885
199,2020-07-18,49.854035,89.952332,10.596731,1.3857000000000002,93.484646
200,2020-07-19,42.86594,82.10802199999999,10.128651,1.423976,89.78222
201,2020-07-20,57.393128,142.598166,10.524639,1.3451165,83.877939
202,2020-07-21,49.645007,173.805277,10.865679,1.3797715000000002,60.649907
203,2020-07-22,59.409995,86.0264,10.525423,1.327717,79.91848
204,2020-07-23,63.056385,73.23891,10.933285,1.349838,90.06861
205,2020-07-24,59.804024,115.090627,11.002471,1.348172,90.05914200000001
206,2020-07-25,51.60185,80.167468,11.648415000000002,1.183433,93.145747
207,2020-07-26,50.107416,71.972591,11.616743,1.5339105,92.429922
208,2020-07-27,73.27332399999999,108.497412,11.553336,1.65686,86.064314
209,2020-07-28,76.274469,141.49093,11.477636,1.4092215,87.811174
210,2020-07-29,80.24749700000001,129.64146300000002,11.712381,1.914989,89.3364
211,2020-07-30,77.743088,143.042875,11.305196,2.2750120000000003,77.783659
212,2020-07-31,97.384577,60.39288,11.648291,2.245893,77.514333
213,2020-08-01,61.987314,133.77781,11.81505,2.566014,75.16312500000001
214,2020-08-02,53.027777,185.087601,10.510915,2.5032555000000003,86.56689800000001
215,2020-08-03,67.069269,154.925408,10.810631,2.5762035,81.80210699999999
216,2020-08-04,61.829668,128.483316,11.171245,2.6031425,85.263777
217,2020-08-05,70.330238,66.258746,11.131293,2.5765385000000003,89.948622
218,2020-08-06,69.133207,106.47334,11.906352,2.591488,88.312483
219,2020-08-07,68.807151,107.648814,11.837758,2.652323,84.36585600000001
220,2020-08-08,50.318086,97.392382,11.815491,2.614229,68.97618399999999
221,2020-08-09,47.474371,85.320164,12.327492,2.6523285,76.829498
222,2020-08-10,64.13127300000001,119.702479,12.547569,2.645009,60.24875
223,2020-08-11,64.270443,151.937288,12.653217,2.5817695,48.35417
224,2020-08-12,63.471445,105.682641,12.176638,2.4488575,73.377576
225,2020-08-13,73.559364,41.073767,12.41079,2.5993085,88.786055
226,2020-08-14,66.750064,68.40190700000001,12.624055,2.614909,89.106028
227,2020-08-15,34.340523999999995,126.304352,12.762327,2.604447,93.73012800000001
228,2020-08-16,31.284106,139.414557,12.470999,2.408984,95.289745
229,2020-08-17,63.008555,117.350501,12.209938,2.2430525,88.82181700000001
230,2020-08-18,68.065882,91.126295,12.946444,2.2033375,75.005206
231,2020-08-19,59.489202,174.242563,12.364811,2.240051,90.70092700000001
232,2020-08-20,58.537132,178.510516,12.656325,2.4365655,84.481192
233,2020-08-21,68.27067600000001,120.202415,12.189243,2.527473,81.9128
234,2020-08-22,57.50346,81.975991,12.941466,2.544586,90.59606099999999
235,2020-08-23,43.308217,116.783245,12.223433000000002,2.523084,89.169185
236,2020-08-24,70.30099899999999,107.499665,11.777361999999998,2.389914,86.868757
237,2020-08-25,77.880082,76.99716599999999,12.019099,2.2821565,88.063283
238,2020-08-26,85.15135400000001,53.888599,12.514342,2.3517285,87.774391
239,2020-08-27,95.261383,69.474612,11.808235,2.2448305,84.328963
240,2020-08-28,63.527481,173.81160999999997,10.813398,2.5092585,76.784733
241,2020-08-29,38.796642,236.689293,10.590747,2.4894925,81.80286100000001
242,2020-08-30,38.84585,162.31007,10.673072,2.565204,82.782137
243,2020-08-31,53.785629,96.852497,10.11852,2.57456,87.163296
244,2020-09-01,62.779233,60.551438000000005,10.350134,2.5723355000000003,51.678157
245,2020-09-02,59.26766000000001,124.055995,10.57987,2.5745675,81.367889
246,2020-09-03,63.733187,75.01258,10.773195,2.561294,86.491435
247,2020-09-04,58.355728000000006,97.207439,13.02166,2.544354,86.60858400000001
248,2020-09-05,45.583552000000005,173.567998,12.683676,2.534719,85.752955
249,2020-09-06,35.307396999999995,259.530069,11.982267,2.6284825,81.876495
250,2020-09-07,42.046528,257.774166,12.664604,2.6543895,76.68840399999999
251,2020-09-08,49.600894,171.98962899999998,12.793509,2.69675,77.530473
252,2020-09-09,65.52686800000001,83.72966199999999,12.509477,2.809454,76.700518
253,2020-09-10,60.177435,102.800417,12.534392,2.918444,79.539986
254,2020-09-11,60.773579,87.417849,12.842736,2.759392,69.797642
255,2020-09-12,42.884798,96.819953,13.463037,2.623005,68.08909200000001
256,2020-09-13,40.817289,133.400389,14.649066,2.375945,55.37796900000001
257,2020-09-14,65.825854,146.377175,14.747173,2.367848,51.043804
258,2020-09-15,78.854783,67.305637,15.005127,2.3514385,65.389099
259,2020-09-16,86.57517200000001,51.971134,15.043706,2.364128,47.95026300000001
260,2020-09-17,60.834826,132.957065,15.289019,2.277898,27.510333
261,2020-09-18,54.747268,179.486044,14.960154,2.2938145,26.052768999999998
262,2020-09-19,44.90861,151.172933,15.396622,2.3549525,47.36253000000001
263,2020-09-20,43.760581,74.73397800000001,14.702513,2.4358980000000003,50.433941
264,2020-09-21,66.995517,45.487103000000005,13.601616,2.3606875,60.566778
265,2020-09-22,78.64205199999999,43.234048,13.420575,2.4161915,62.594318
266,2020-09-23,73.37121400000001,119.215298,13.939202,2.3775375,46.665703
267,2020-09-24,53.985431,228.832555,12.706536,2.382645,32.397439999999996
268,2020-09-25,40.005117,327.022213,12.965315,2.374404,69.763835
269,2020-09-26,35.501931,275.089418,14.159452,2.405108,71.728928
270,2020-09-27,38.938557,234.786731,13.127503,2.2989465,73.67672999999999
271,2020-09-28,46.60798200000001,132.314684,12.555899,2.198301,75.731529
272,2020-09-29,57.245472,55.531847,11.848035,2.0389235,74.942209
273,2020-09-30,58.041854,65.790861,11.767011,1.84509,51.313393
274,2020-10-01,43.587103000000006,207.062303,12.761583,1.8586085,59.938034
275,2020-10-02,42.69082100000001,366.789939,12.930273,1.8632905,22.145977
276,2020-10-03,41.737579,316.815381,13.094898,1.8188345,67.069162
277,2020-10-04,42.133345,264.544852,12.127161,1.8373885,49.599617
278,2020-10-05,46.84031,178.386375,12.573512,1.9655395,67.16622100000001
279,2020-10-06,53.998454,162.660418,13.010173,1.956902,67.561756
280,2020-10-07,60.059943,105.790752,12.944412,2.0546285,70.869069
281,2020-10-08,66.330896,62.483063,12.923056,2.0268575,62.390455
282,2020-10-09,67.38544,51.761383,14.610671,2.002801,51.07227700000001
283,2020-10-10,40.389301,213.24133,14.33364,2.077996,61.335353999999995
284,2020-10-11,35.682481,246.259001,14.412764,2.0957130000000004,65.722714
285,2020-10-12,41.895325,185.886638,14.448004999999998,2.09283,73.859205
286,2020-10-13,65.63361900000001,163.63088399999998,14.118754,2.394459,67.807957
287,2020-10-14,65.570408,206.385482,13.586607,2.4745085,65.130553
288,2020-10-15,74.45606699999999,181.215789,13.607629,2.3808415,67.242842
289,2020-10-16,80.613772,110.574459,14.197063,2.540208,70.669704
290,2020-10-17,85.225781,51.159383,14.701918,2.569459,63.860422
291,2020-10-18,75.420151,62.153848,15.245649,2.582278,59.022929000000005
292,2020-10-19,42.72049,286.98285200000004,13.993209,2.543007,46.033584999999995
293,2020-10-20,58.032871,341.335145,13.578803,2.5476385,14.167036000000001
294,2020-10-21,57.12423,248.518697,13.082619,2.519545,30.657822000000003
295,2020-10-22,85.55401300000001,141.062267,13.362205,2.5640085,17.751621
296,2020-10-23,75.213676,168.539978,13.208572,2.560339,43.094384000000005
297,2020-10-24,52.021977,223.858167,12.833566,2.5078055,51.840214
298,2020-10-25,49.230347,303.15398,12.247435,2.56708,29.261578
299,2020-10-26,68.544414,279.045585,12.22631,2.5773865,50.902165
300,2020-10-27,69.07309,246.642345,12.631738,2.5793955,48.782432
301,2020-10-28,85.64769199999999,121.049554,13.221120999999998,2.5793595,41.741910999999995
302,2020-10-29,88.90461,60.951074,12.894695,2.538087,56.763958
303,2020-10-30,82.950826,88.60892999999999,12.990778,2.541891,56.281906
304,2020-10-31,61.140809,126.055336,13.470816999999998,2.564001,55.485441
305,2020-11-01,55.358452,129.57366,13.126131,2.471194,47.780106
306,2020-11-02,78.445065,91.741946,13.53723,2.3992355,44.884074000000005
307,2020-11-03,72.820316,187.344732,13.149035,2.4099955,27.343105
308,2020-11-04,77.727248,222.332138,12.300241,2.41333,13.812921
309,2020-11-05,70.669371,308.702268,12.381924,2.2257475,12.527543
310,2020-11-06,68.157529,339.282506,12.494252,2.2877240000000003,16.557502
311,2020-11-07,70.824922,233.28455,13.529363,2.5887165,30.646064
312,2020-11-08,73.983186,157.445842,13.722544,2.5342295,35.254206
313,2020-11-09,107.842745,64.065933,13.267914,2.4953055,33.054111
314,2020-11-10,118.942622,39.528223,13.563377,2.592214,43.617184
315,2020-11-11,93.206009,141.272939,13.299245999999998,2.706328,38.75334
316,2020-11-12,97.441636,97.943761,13.612626,2.9180675000000003,31.719574
317,2020-11-13,96.320547,79.843696,13.404433999999998,2.917612,25.660896
318,2020-11-14,70.917132,136.314065,13.405278,2.908975,11.969009
319,2020-11-15,48.815526,222.424867,12.167595,2.805336,30.826276999999997
320,2020-11-16,88.10955499999999,106.144479,12.539239,2.9004095000000003,29.666964000000004
321,2020-11-17,93.113912,59.205597,12.577474,2.8871815,37.32448
322,2020-11-18,78.676352,91.191362,13.007431,2.8732925,39.619162
323,2020-11-19,71.62709699999999,193.909255,13.215133,2.768729,40.059968000000005
324,2020-11-20,63.938972,262.170793,13.431956,2.8573775,47.499086
325,2020-11-21,62.255294,116.435099,13.664602,2.744416,47.191137
326,2020-11-22,55.067381000000005,57.995979,13.826813,2.789644,45.927997
327,2020-11-23,94.275587,47.040095,13.089715,2.7364165,46.637348
328,2020-11-24,97.039888,100.571304,12.696736,2.6391055000000003,34.084142
329,2020-11-25,92.156177,122.176425,12.987498,2.8877685,18.855494
330,2020-11-26,90.168619,232.586378,13.199419,2.8832595000000003,8.104652
331,2020-11-27,103.739429,156.52364,13.124279,2.9171155,10.360637
332,2020-11-28,86.589227,70.684674,13.276361,2.828376,21.010445999999998
333,2020-11-29,82.00535099999999,53.340008000000005,13.763546,2.8205245,23.380066000000003
334,2020-11-30,103.07846,89.078066,13.213072,2.681136,27.628216000000002
335,2020-12-01,82.596062,179.95132999999998,13.830842,2.640152,34.035012
336,2020-12-02,78.22831500000001,269.665047,13.799259,2.4641175,33.704964000000004
337,2020-12-03,90.500282,228.524718,13.828454,2.5728690000000003,39.922853
338,2020-12-04,85.911292,310.215998,12.939894,2.605854,16.067482
339,2020-12-05,69.357535,286.90608000000003,14.196161,2.693091,34.042724
340,2020-12-06,52.976296000000005,322.720847,14.406408,2.705957,25.856012
341,2020-12-07,48.593475,388.207824,14.584941,2.6782655,15.185893
342,2020-12-08,70.034964,348.745929,14.340709,2.6410325,24.624976
343,2020-12-09,109.339235,281.055566,14.435735,2.691625,30.345724999999998
344,2020-12-10,105.892003,370.246502,14.050151,2.651536,10.654788
345,2020-12-11,99.120652,388.095778,14.180228,2.651723,10.838884
346,2020-12-12,96.479671,348.80223700000005,14.226089,2.647542,30.407698
347,2020-12-13,107.101756,199.26852,14.472588,2.7011645,22.247235
348,2020-12-14,121.696,180.228467,14.073397000000002,2.6709435,12.696344999999999
349,2020-12-15,125.79523,191.759685,13.657774,2.6649675000000004,29.361424
350,2020-12-16,141.336579,161.851778,14.305034,2.703188,18.587847
351,2020-12-17,161.650685,65.641004,14.298469,2.6713855,22.27767
352,2020-12-18,141.155902,125.927008,14.348627,2.6960010000000003,22.504048
353,2020-12-19,122.701646,136.682821,13.953741,2.6408625000000003,12.501362
354,2020-12-20,123.834614,131.401815,14.160873,2.300602,26.795299
355,2020-12-21,131.561248,157.310209,13.479273,2.1085765000000003,26.977655000000002
356,2020-12-22,119.484053,132.988356,13.928658,2.3000595,31.645419999999998
357,2020-12-23,122.081594,141.933374,13.648147000000002,2.385145,20.434209
358,2020-12-24,96.458248,133.138794,13.977543,2.4060655,22.608289999999997
359,2020-12-25,71.799475,288.17458600000003,13.233671,2.2046840000000003,33.756684
360,2020-12-26,84.078786,228.372524,12.212566,2.3394135,43.693323
361,2020-12-27,76.959875,265.412232,11.99783,2.3133215,37.900239
362,2020-12-28,82.643096,392.654999,11.659573,2.1400985,28.001504
363,2020-12-29,109.972477,312.223454,11.445616,2.0823975,26.940852
364,2020-12-30,135.21631200000002,236.616181,12.458304,1.5206235,42.584589
365,2020-12-31,127.726536,235.642192,12.764878,1.0954425,32.023786
366,2021-01-01,111.077579,240.290824,13.234386,1.2322735,33.002618
367,2021-01-02,112.211332,270.599158,12.636823,1.262089,40.588044000000004
368,2021-01-03,116.969983,221.167693,12.215001,1.2501715,44.576198999999995
369,2021-01-04,165.965559,130.542499,12.124513,1.215017,29.091547000000002
370,2021-01-05,176.184581,70.360924,12.386598,1.2301099999999998,31.846047000000002
371,2021-01-06,162.051841,72.47345299999999,11.76475,1.3364445,25.725016
372,2021-01-07,153.100745,106.125353,11.049995,1.4197715,9.684652
373,2021-01-08,147.77614300000002,226.26664,11.062758,1.542842,6.9673739999999995
374,2021-01-09,119.233046,245.664991,11.275523,1.6261295,15.218751000000001
375,2021-01-10,117.874196,254.345711,10.612671,1.550885,20.489051
376,2021-01-11,128.892824,234.933156,10.090918,1.6009915,40.045971
377,2021-01-12,143.40901399999998,166.142386,11.047968,1.7667940000000002,47.301038000000005
378,2021-01-13,146.389124,173.931052,11.829294,1.7618,48.579359999999994
379,2021-01-14,144.555915,211.980166,12.812511,1.8087745,43.586498999999996
380,2021-01-15,144.132149,220.606619,11.99216,1.6341315,43.494642000000006
381,2021-01-16,137.732445,175.317619,12.90128,1.837896,49.364038
382,2021-01-17,120.323328,157.956747,13.109513000000002,2.175014,49.494019
383,2021-01-18,152.882161,57.43321,12.844085,2.1762545,49.3481
384,2021-01-19,137.53173,144.31580499999998,12.539687,2.211663,34.881218000000004
385,2021-01-20,114.348007,328.642312,13.138333,2.333279,11.506903
386,2021-01-21,103.753265,386.106048,13.508512,2.255097,20.485863
387,2021-01-22,104.619242,390.945693,13.870064,2.2845005,24.659793999999998
388,2021-01-23,77.453038,414.556012,14.242963,2.4803175,19.758146
389,2021-01-24,79.891963,348.09861099999995,13.772292,2.5267220000000004,31.296789
390,2021-01-25,131.376708,277.55315,13.950419,2.564368,13.774023999999999
391,2021-01-26,149.235177,157.812704,13.539896,2.5697295,18.413294
392,2021-01-27,139.095155,221.150247,13.269421,2.579131,28.136345000000002
393,2021-01-28,141.222105,231.491481,13.230357,2.5598515,37.914637000000006
394,2021-01-29,136.300725,257.385022,13.598832,2.441143,33.181468
395,2021-01-30,121.017436,383.296123,13.735644,2.2251605,30.539688
396,2021-01-31,120.740267,323.757714,13.203229,2.39193,18.085968
397,2021-02-01,130.4834,360.48632,14.010586,2.3253665,35.765502
398,2021-02-02,138.157256,299.99410700000004,14.269381,2.412332,30.078817
399,2021-02-03,142.097464,248.392522,14.040044,2.283115,25.681947
400,2021-02-04,163.56821599999998,108.381601,13.790932000000002,2.319855,24.286017
401,2021-02-05,167.005715,169.15689799999998,14.488877,2.3935165,21.998513000000003
402,2021-02-06,156.160465,198.826194,14.159462,2.5727425,22.926714999999998
403,2021-02-07,135.18932800000002,260.627913,14.157223,2.3699015,30.007489999999997
404,2021-02-08,145.358004,341.43238,12.716119,2.3024050000000003,26.361727000000002
405,2021-02-09,150.452743,336.091295,13.177579,2.3068435,10.786426
406,2021-02-10,166.553382,286.15824200000003,13.34547,2.3649605,33.304193999999995
407,2021-02-11,176.622745,195.110443,12.167772,2.4235485,26.835142
408,2021-02-12,168.368361,274.519038,11.865692999999998,2.4717130000000003,45.99888
409,2021-02-13,167.39793,194.011803,11.947805,2.5493595,54.283277
410,2021-02-14,156.468392,169.181107,12.515507,2.397366,60.921966999999995
411,2021-02-15,150.923736,213.725608,12.167898,2.3284615,55.398030000000006
412,2021-02-16,162.525171,195.129044,12.389962,2.344814,58.140686
413,2021-02-17,177.05642300000002,151.200147,13.254044,2.526823,56.993832999999995
414,2021-02-18,175.433534,208.047191,12.660456,2.430342,49.599343999999995
415,2021-02-19,169.929419,231.979585,13.01419,2.559884,55.536248
416,2021-02-20,154.298223,282.17152500000003,12.731649,2.4902475,39.205543999999996
417,2021-02-21,156.470644,241.565249,12.644862,2.509007,13.010179000000003
418,2021-02-22,180.811123,175.592694,12.857323,2.662719,52.547380999999994
419,2021-02-23,176.184023,165.759733,12.094226,2.6465925,69.631541
420,2021-02-24,175.460813,263.427763,11.950933,2.5698795,57.766012
421,2021-02-25,191.711084,145.08207099999998,12.856363,2.7466875,29.361627
422,2021-02-26,189.906439,147.835269,13.040912,2.6859105,33.855439
423,2021-02-27,157.463141,210.270476,13.673407,2.5970245,44.721098999999995
424,2021-02-28,135.545318,220.826638,13.203214,2.4744505,46.864652
425,2021-03-01,157.149651,218.374936,13.065202,2.334775,26.208775000000003
426,2021-03-02,178.579094,119.640722,12.949492,2.099926,32.103695
427,2021-03-03,181.315755,62.138419,12.451744,2.051264,36.531587
428,2021-03-04,168.308302,87.27674400000001,12.23446,2.2639015,37.907616000000004
429,2021-03-05,157.255419,147.53315,11.861934,2.5874415,30.044847
430,2021-03-06,139.380173,139.720314,12.052583,2.61469,41.420388
431,2021-03-07,132.557757,72.61146799999999,12.343794,2.4989160000000004,37.582622
432,2021-03-08,163.67270000000002,164.297455,12.243457,2.4557655,33.616156
433,2021-03-09,159.582909,144.482046,11.915481,2.3754145,55.383156
434,2021-03-10,145.386821,123.979625,11.292132,2.2179385000000003,81.255051
435,2021-03-11,117.511749,218.540986,11.602408,2.3218625000000004,72.50512
436,2021-03-12,116.863102,181.560389,11.904718999999998,2.3387515,66.868002
437,2021-03-13,88.600955,146.557854,11.965431,2.2429435,87.727168
438,2021-03-14,84.812413,201.179956,11.765365,2.20109,88.201153
439,2021-03-15,121.678362,230.111205,10.85604,2.3127150000000003,87.940753
440,2021-03-16,100.728384,322.002957,10.065147,2.2724455,88.64265300000001
441,2021-03-17,86.678527,355.91702000000004,10.116446,2.1062795000000003,90.085866
442,2021-03-18,100.338989,310.237381,10.527876,2.290421,74.43228
443,2021-03-19,94.744496,309.201787,10.837338,2.293071,54.130895
444,2021-03-20,51.156839,359.919871,10.786679,2.2262820000000003,78.036055
445,2021-03-21,56.510687,303.763165,10.707262,2.3630475,92.955518
446,2021-03-22,108.155582,243.461523,10.719642,2.4199635,92.64526000000001
447,2021-03-23,131.628839,70.07475500000001,10.38975,2.3181,96.365749
448,2021-03-24,146.12793100000002,23.997388,10.491333,2.2931825,92.980406
449,2021-03-25,145.42440900000005,47.134804,10.61654,2.415309,90.41708600000001
450,2021-03-26,131.05584,103.882204,10.922957,2.46197,64.394733
451,2021-03-27,96.627295,139.060784,12.508525,2.3898365,62.645298000000004
452,2021-03-28,66.805417,127.503542,12.602538,2.374753,79.02503300000001
453,2021-03-29,94.618935,225.30733,12.43511,2.489668,53.607598
454,2021-03-30,105.051173,198.764349,12.442714,2.5741145000000003,45.255019999999995
455,2021-03-31,87.107507,208.584676,12.784972,2.3926965,72.857153
456,2021-04-01,75.659386,183.251863,13.989226,2.6152005,59.305648
457,2021-04-02,77.37640300000001,81.012723,14.086357,2.685722,59.820029
458,2021-04-03,54.302353,226.185044,13.874478,2.610319,68.338129
459,2021-04-04,53.827766,191.215382,13.16077,2.5498075,83.509457
460,2021-04-05,69.261133,111.683402,12.682401,2.31829,89.43422799999999
461,2021-04-06,84.560596,256.309597,12.02344,2.094258,90.343649
462,2021-04-07,107.781359,218.860432,12.095789,2.246991,76.11294600000001
463,2021-04-08,131.77853299999998,143.20316,11.515685,2.349265,49.522258
464,2021-04-09,123.913982,126.073149,12.797143,2.4000535,42.426773000000004
465,2021-04-10,94.466118,85.524368,12.80769,2.583647,45.488935
466,2021-04-11,70.807641,207.428014,13.176531,2.573504,59.684858000000006
467,2021-04-12,106.761152,187.630714,13.295551,2.322592,79.742012
468,2021-04-13,122.651494,78.870478,12.467712,2.565897,64.090575
469,2021-04-14,111.063072,118.063356,13.117531,2.676912,42.522546
470,2021-04-15,102.650168,192.005379,12.922217,2.7150365,36.071194
471,2021-04-16,89.75179,234.839704,12.520561,2.7702820000000004,81.655339
472,2021-04-17,65.081976,216.156806,12.532461,2.724779,100.72611
473,2021-04-18,62.655492,120.07295,13.712669,2.4058205,105.34618
474,2021-04-19,104.744717,69.212515,13.342117,2.1710010000000004,72.554019
475,2021-04-20,101.381106,52.674658,13.486412,2.069897,72.784077
476,2021-04-21,111.809147,43.804283000000005,12.636877,2.220699,46.289699999999996
477,2021-04-22,104.93295,64.835545,12.914437,2.5141515,62.89053500000001
478,2021-04-23,67.807754,189.713435,12.641591,2.582946,65.794309
479,2021-04-24,55.403846,222.082161,12.842472,2.5928945,44.354452
480,2021-04-25,64.395652,139.53131,13.033097,2.5203075,41.764007
481,2021-04-26,104.53614,52.888651,13.562449,2.4306750000000004,47.200198
482,2021-04-27,104.123681,55.406671,13.191718000000002,2.3968895000000003,50.890584000000004
483,2021-04-28,105.708343,64.099991,13.794622,2.5720635,59.643741999999996
484,2021-04-29,109.464191,87.8018,13.932411,2.5080835,60.948239
485,2021-04-30,106.361081,75.363028,14.118379999999998,2.5695095,73.10428300000001
486,2021-05-01,53.133987,170.267224,13.911417,2.451432,92.60186499999999
487,2021-05-02,48.415796,94.763379,13.551181,2.20244,105.27887000000001
488,2021-05-03,73.141881,112.893049,13.878949,2.2087015,73.701682
489,2021-05-04,82.991057,66.416042,13.83372,2.211045,110.178911
490,2021-05-05,75.279344,81.800008,13.346979,2.194772,113.18761
491,2021-05-06,71.35397999999999,125.794729,13.528754,2.1333745,119.045778
492,2021-05-07,80.891173,94.485335,13.199918,2.455335,120.269757
493,2021-05-08,51.763432,194.488995,12.692120999999998,2.5472020000000004,101.560407
494,2021-05-09,51.691436,251.332614,12.513284,2.404043,47.191826
495,2021-05-10,70.64079799999999,186.577538,12.477583,2.5847695,66.299207
496,2021-05-11,66.552891,284.17899900000003,12.490025,2.5776925,100.348667
497,2021-05-12,55.26493,298.986199,12.703761,2.5681755,88.64544699999999
498,2021-05-13,60.573952,235.799471,12.37025,2.5952375,96.55765400000001
499,2021-05-14,63.707211,209.946787,12.069877,2.5899205000000003,113.620345
500,2021-05-15,51.666484,274.193734,12.293459,2.2576235,108.51147900000001
501,2021-05-16,53.254462,296.979369,11.752714,1.8609825,101.95122699999999
502,2021-05-17,75.08780100000001,113.369483,11.853002,1.88956,110.664386
503,2021-05-18,73.346372,193.322498,11.751208,1.220909,114.061767
504,2021-05-19,80.513887,149.33602,11.619673,0.9149765,119.637247
505,2021-05-20,79.530772,93.418123,10.823255,1.07933,118.855347
506,2021-05-21,73.883825,155.89486499999998,12.369129999999998,1.018672,109.20747699999998
507,2021-05-22,77.443693,127.623325,13.214733,1.0054995,88.954109
508,2021-05-23,55.731601000000005,128.453671,13.56327,1.043299,63.525949999999995
509,2021-05-24,63.9027,182.665421,13.433646,1.0068415,105.918983
510,2021-05-25,68.739725,141.6675,13.251959,1.023002,114.20534699999999
511,2021-05-26,77.567628,93.10086,12.064741,1.4526125,107.98008600000001
512,2021-05-27,117.165713,55.471817,11.681807,1.6185025,51.721353
513,2021-05-28,83.94289500000001,51.602841,12.345322,1.915498,92.82391
514,2021-05-29,79.799272,85.325931,12.422871,2.3015045,112.385099
515,2021-05-30,63.533014,122.685258,12.365994,2.2067875,87.107096
516,2021-05-31,78.971533,112.853948,11.557324,2.055325,78.43042
517,2021-06-01,82.336432,106.748025,11.273105,2.041102,72.968548
518,2021-06-02,75.439243,63.855594,11.673338,2.172067,111.172169
519,2021-06-03,59.178596,127.88954,11.486956,2.233288,106.63518
520,2021-06-04,67.194245,109.595095,11.559514,2.2372910000000004,88.58693000000001
521,2021-06-05,62.771704,94.059976,11.960806,2.2556545,67.001425
522,2021-06-06,54.639459,128.933698,12.066709,2.206009,116.209946
523,2021-06-07,58.054534,105.145933,11.985018,2.2455885,122.107912
524,2021-06-08,64.629745,75.613556,11.216577,2.477354,118.301312
525,2021-06-09,68.141277,102.590424,11.326439,2.491518,114.625163
526,2021-06-10,85.042439,111.750341,11.274504,2.375608,115.078063
527,2021-06-11,64.329375,207.390979,12.337598,2.7473305,106.13788000000001
528,2021-06-12,67.677449,176.064982,12.322681,2.9047295,101.98347099999998
529,2021-06-13,63.246406,104.061475,12.025416,2.8921805,102.702429
530,2021-06-14,100.236358,78.46061999999999,11.97122,2.872991,106.81350099999999
531,2021-06-15,96.175114,115.696988,11.565038,2.8029075,77.45398
532,2021-06-16,88.035579,106.451056,12.438012,2.8777685,81.270534
533,2021-06-17,89.641605,97.892196,12.482171,2.948564,53.853576000000004
534,2021-06-18,77.15000199999999,124.696563,12.626223,2.865416,61.717555000000004
535,2021-06-19,68.004199,97.815639,12.863733,2.92821,63.766639000000005
536,2021-06-20,55.484917,250.978672,12.624179,2.9238525,66.502257
537,2021-06-21,66.821597,179.68556700000002,12.373413,2.8118095,85.461817
538,2021-06-22,76.93883199999999,124.579885,12.246934,2.6979580000000003,93.88922000000001
539,2021-06-23,74.631378,152.512755,12.539976,2.705761,107.47555
540,2021-06-24,80.550471,143.364632,12.786029,2.706187,121.56897699999999
541,2021-06-25,78.033057,117.085663,12.591685,2.6984925,119.79712699999999
542,2021-06-26,62.407134,129.957707,12.440749,2.8557465000000004,114.10643
543,2021-06-27,53.736364,163.943496,10.8389,2.8835785,115.09527299999999
544,2021-06-28,76.06442299999999,134.49682199999998,10.739713,2.8649720000000003,123.641787
545,2021-06-29,74.943151,79.012114,11.080859,2.892795,123.80266499999999
546,2021-06-30,90.71746,73.840626,11.292551,2.8871195,121.206129
547,2021-07-01,96.641954,57.94284,11.214689,2.9234315,121.254192
548,2021-07-02,94.466717,84.706376,11.940961,2.9443885,122.516733
549,2021-07-03,90.572036,115.092796,11.61633,1.8664825,114.14887599999999
550,2021-07-04,56.631895,181.79124,11.602084,1.8531925,119.81155399999999
551,2021-07-05,89.501228,190.230891,10.439183000000002,1.897843,120.209721
552,2021-07-06,92.497816,176.704762,10.782309,2.01402,85.56315000000001
553,2021-07-07,91.599261,101.996063,11.623979,3.041922,110.687625
554,2021-07-08,79.359907,125.340896,11.899716,2.9677555,120.339553
555,2021-07-09,78.93810099999999,110.486025,11.707603,2.970907,116.28052399999999
556,2021-07-10,78.96542,103.844539,11.528076,2.9462285,104.81765800000001
557,2021-07-11,78.64871799999999,131.652666,11.491778,2.9179755,71.164615
558,2021-07-12,68.662959,263.2445,11.490485,2.9121495,105.479575
559,2021-07-13,71.546792,173.96881299999998,11.494648,2.957599,118.869521
560,2021-07-14,71.554752,190.93706,11.368459,2.9466845,114.960578
561,2021-07-15,66.952165,196.879659,10.149291,2.942861,115.825187
562,2021-07-16,74.672584,172.236306,10.332481,2.820625,119.371823
563,2021-07-17,67.432621,114.0873,10.926591,2.866584,117.72876
564,2021-07-18,55.158817000000006,166.894121,10.770289,2.8766085,114.474707
565,2021-07-19,70.04745299999999,93.656242,10.501561,2.79148,115.508397
566,2021-07-20,61.079813,65.82171000000001,11.191747,2.783106,110.665473
567,2021-07-21,65.17653899999999,58.461133,11.653888,2.7875495,116.63639900000001
568,2021-07-22,62.416616000000005,110.827554,11.276314,2.6909425,116.18876999999999
569,2021-07-23,59.107818,193.124252,11.568638,2.706787,93.118689
570,2021-07-24,57.425449,138.73734299999998,11.011602,2.4427345,110.144491
571,2021-07-25,52.969614,104.992684,10.207964,2.5331165,103.87689599999999
572,2021-07-26,56.003144,102.583226,10.585524,2.465125,101.927149
573,2021-07-27,55.108226,103.145236,11.369533,2.344425,113.518758
574,2021-07-28,61.152567000000005,146.072896,12.647061,2.2946880000000003,116.609533
575,2021-07-29,73.404572,131.264031,12.762713,2.416989,115.21506199999999
576,2021-07-30,93.021305,144.506733,12.862621,2.479564,116.65688899999999
577,2021-07-31,38.747765,232.86062,12.695668,2.5119845,102.45569200000001
578,2021-08-01,59.359741,107.408107,12.495331,2.427353,105.076655
579,2021-08-02,79.151523,73.091264,12.876868,2.4470385,100.31073
580,2021-08-03,77.619114,86.884444,13.898243,2.461429,106.754073
581,2021-08-04,80.489527,123.854105,13.584234,2.5572885000000003,110.31854399999999
582,2021-08-05,75.165509,131.595205,13.754356,2.578143,117.24735600000001
583,2021-08-06,57.08535,139.295095,13.233797,2.640652,119.61729299999999
584,2021-08-07,47.760714,164.81388099999998,13.30023,2.5792875,116.35763
585,2021-08-08,51.609312,94.854772,13.686314,2.5779645,112.93397500000002
586,2021-08-09,67.961541,87.069845,13.468264,2.651326,106.24226499999999
587,2021-08-10,79.008299,65.460014,13.656694,2.712206,83.83764099999999
588,2021-08-11,78.543561,73.02076,13.327274,2.7973205,75.638035
589,2021-08-12,67.43745600000001,109.290007,12.849327,2.7478475,93.146326
590,2021-08-13,76.431309,81.80331699999999,12.776434,2.804463,88.630571
591,2021-08-14,66.053215,91.454267,12.582167,2.82385,86.369015
592,2021-08-15,58.484394,137.054528,12.355062,2.7595225,80.11695499999999
593,2021-08-16,46.185875,234.175873,11.770678,2.7137215,103.826878
594,2021-08-17,37.340772,253.511626,12.735903,2.7686840000000004,106.302397
595,2021-08-18,47.161667,196.895478,13.470435,2.4790785,106.629933
596,2021-08-19,63.359983,107.18017,13.386601,2.3890165000000003,100.429428
597,2021-08-20,64.433896,74.234537,13.649816,2.343159,109.833929
598,2021-08-21,55.893644,79.663449,13.832301,2.4334535,107.48631800000001
599,2021-08-22,50.543285,140.987069,13.855495,2.635505,85.198058
600,2021-08-23,49.104237,231.618633,13.958134,2.644734,87.665586
601,2021-08-24,51.994937,205.565262,13.851752,2.6635545,76.444164
602,2021-08-25,56.974886,88.98406200000001,13.937895,2.669982,80.43422699999999
603,2021-08-26,59.000137,46.478378,14.184365,2.7921045,98.61197700000001
604,2021-08-27,60.953346,85.530768,14.101815,2.8490595,103.24965499999999
605,2021-08-28,45.574713,167.386607,13.84197,2.7853665000000003,105.282026
606,2021-08-29,48.867225,112.076512,12.391292,2.7929825,100.27795
607,2021-08-30,59.948112,74.702833,11.892651,2.6449955,98.441975
608,2021-08-31,63.763523,81.29762699999999,11.884539,2.580484,84.564437
609,2021-09-01,63.828607000000005,107.197475,12.286233,2.7099095,51.840061000000006
610,2021-09-02,63.461645,34.160985000000004,12.887013,2.8915535,86.600863
611,2021-09-03,62.383584,20.866063,12.968701,2.756516,100.64482799999999
612,2021-09-04,56.325542,31.270376,12.89543,2.7105810000000004,107.220571
613,2021-09-05,49.814644,76.90006600000001,12.335439,2.8224345,103.93580899999999
614,2021-09-06,55.371691,139.340657,12.238126,2.5509145,50.425785000000005
615,2021-09-07,45.839308,227.382476,12.194846,2.4005175,80.397417
616,2021-09-08,52.775008,138.514226,13.322285,2.3994805,85.223793
617,2021-09-09,53.610182,124.180558,12.873512,2.3225135,72.74552700000001
618,2021-09-10,52.917244,72.803407,13.640602,2.480014,97.132788
619,2021-09-11,47.831356,35.53758,13.85634,2.902374,84.650001
620,2021-09-12,52.758039,47.332217,13.458399,2.8752115,93.501114
621,2021-09-13,45.529259,153.211639,13.222172,2.7487535,25.835256
622,2021-09-14,58.704002,118.229233,13.58076,2.193702,23.102114
623,2021-09-15,60.463037,46.242228,13.605749,2.20696,59.936055
624,2021-09-16,43.689978,86.34990499999999,13.936523,2.234779,84.130908
625,2021-09-17,38.439668,55.845867,13.212687,2.2291655,96.56373
626,2021-09-18,33.881707,112.222564,13.491188,2.2804450000000003,95.63160699999999
627,2021-09-19,33.082568,96.545642,13.612553,2.2777005,103.114233
628,2021-09-20,34.49192,197.640373,13.445212,2.194054,97.22015400000001
629,2021-09-21,34.110153,223.349507,13.36687,2.047496,90.306466
630,2021-09-22,41.360183,156.901089,13.144069,2.052362,70.92671200000001
631,2021-09-23,35.567252,212.007247,13.677454,1.80894,54.771145000000004
632,2021-09-24,45.544512000000005,122.782015,13.845526,1.67179,43.328207000000006
633,2021-09-25,38.380407,121.597701,13.934324,1.66299,62.522054000000004
634,2021-09-26,32.164276,104.176067,13.555188,1.7799275,90.331852
635,2021-09-27,38.861395,85.017037,12.807764,1.7754845,94.634218
636,2021-09-28,47.896294000000005,66.879025,12.984339,1.730219,86.78181599999999
637,2021-09-29,39.015594,129.602125,12.789762,1.668631,96.237404
638,2021-09-30,38.599828,90.189466,13.109032,1.690629,85.66878000000001
639,2021-10-01,44.379916,44.792792,12.79928,1.757667,67.54089400000001
640,2021-10-02,29.296866,186.082287,13.833226,1.786739,79.49277000000001
641,2021-10-03,25.03441,251.740848,13.464769,1.781106,46.896412
642,2021-10-04,37.99428,217.998056,12.696317,1.6913625,79.411981
643,2021-10-05,38.277449,175.727253,13.606268,1.37234,79.072824
644,2021-10-06,42.261365,123.730062,13.114395,1.441546,87.980454
645,2021-10-07,40.155205,108.858344,13.008188,1.704543,86.15391
646,2021-10-08,36.578255,95.271446,14.075328,2.241282,89.897332
647,2021-10-09,33.801409,127.256604,14.10638,2.3421065,78.289439
648,2021-10-10,22.700773,205.303202,14.367085,2.336194,79.17467400000001
649,2021-10-11,26.710779,172.10690599999998,14.316847,2.3669295000000004,73.000254
650,2021-10-12,24.54266,152.700537,13.540106,2.3769925,78.03412500000002
651,2021-10-13,28.387084,177.424704,13.281828,2.1114185,86.945982
652,2021-10-14,39.814912,80.032712,13.641515,2.059273,82.48338
653,2021-10-15,41.482464,63.343432,13.14602,2.068933,80.218588
654,2021-10-16,41.560293,53.595434,14.199442,2.1213075,51.309042
655,2021-10-17,39.243991,54.809542,14.879924,2.3600905,49.970137
656,2021-10-18,38.754815,70.768916,14.601952,2.3279785,64.334731
657,2021-10-19,32.383738,188.626185,13.999606,2.125885,77.874984
658,2021-10-20,27.838631,223.524327,13.741246,2.2667645000000003,72.21203700000001
659,2021-10-21,34.520077,120.837384,14.128611,2.423161,64.246478
660,2021-10-22,28.439368,172.600184,14.188425,2.54989,65.134569
661,2021-10-23,28.553055,81.78689800000001,14.745621,2.583933,77.751747
662,2021-10-24,29.327231,55.998278,14.62281,2.5990515,80.69253
663,2021-10-25,40.494175000000006,39.705162,14.127938,2.5306845,66.269949
664,2021-10-26,33.026905,81.62626300000001,13.391552,2.5579625,64.537492
665,2021-10-27,38.953518,47.586501,14.12729,2.5860990000000004,68.972893
666,2021-10-28,30.227635,162.70514799999998,14.4873,2.560953,64.498415
667,2021-10-29,26.084152,217.078172,14.570552,2.498087,21.261074
668,2021-10-30,27.385593,279.73326899999995,14.928399,2.5386745,15.310005
669,2021-10-31,15.004442,326.21307299999995,15.309274,2.6970415,26.488602999999998
670,2021-11-01,22.651636,304.520189,14.159567,2.564787,36.215063
671,2021-11-02,29.274036,294.35246500000005,14.204204,2.4513125,30.123334
672,2021-11-03,34.179654,240.22933300000005,14.508538,2.492382,52.846121000000004
673,2021-11-04,31.628975,171.909261,14.346105,2.5519405,63.499131000000006
674,2021-11-05,32.938660000000006,240.424402,14.806107,2.6211655,70.00976
675,2021-11-06,29.726114000000003,280.85015500000003,14.481677,2.7109810000000003,73.13976
676,2021-11-07,22.900317,296.866946,14.141594,2.4990175,70.775144
677,2021-11-08,36.399422,281.844343,14.327286,2.410098,70.537313
678,2021-11-09,38.657741,190.626271,14.459687,2.5025035,69.68085
679,2021-11-10,45.142067,93.731067,13.946472,2.618421,64.595773
680,2021-11-11,46.539806,61.00791,13.599699,2.554303,58.409339
681,2021-11-12,45.300389,84.058683,13.424086,2.88021,56.97113600000001
682,2021-11-13,27.495002,130.411234,14.23012,2.843169,61.925533
683,2021-11-14,28.528261,221.261318,14.766343,2.8524455,64.191857
684,2021-11-15,38.189095,267.943531,15.494952,2.813902,63.395104
685,2021-11-16,32.335499,221.417799,15.356584000000002,2.7972255,62.737832999999995
686,2021-11-17,33.03509,284.786018,15.214255,2.7588675,60.742244
687,2021-11-18,36.821488,219.095217,15.399437,2.7439225,50.073387999999994
688,2021-11-19,46.101062,154.615593,15.2322,2.8685605,42.761287
689,2021-11-20,42.188685,82.777288,14.874541,2.882352,13.583540999999999
690,2021-11-21,44.440755,83.27133,14.776029,2.819272,30.483401
691,2021-11-22,45.012959,165.722707,14.563002,2.6573975,23.798070000000003
692,2021-11-23,43.883213000000005,218.337346,14.630012,2.6666095,31.623871
693,2021-11-24,46.451789,185.188306,14.658244,2.538109,29.775894
694,2021-11-25,48.550079,251.107473,14.9278,2.568295,29.769592
695,2021-11-26,48.548939,261.737963,14.404329,2.534937,47.709042
696,2021-11-27,52.449701,373.835683,14.34825,2.7603575,41.717955
697,2021-11-28,45.335014,356.958072,14.227876,2.8070015,53.302389
698,2021-11-29,54.892326,317.289163,13.346466,2.7612195,44.570763
699,2021-11-30,69.847758,85.56246300000001,13.506114,2.719067,51.419114
700,2021-12-01,59.218026,235.730491,13.346355,2.588909,42.857261
701,2021-12-02,58.989965,341.684231,13.714849,2.723221,45.864900999999996
702,2021-12-03,71.083448,300.149678,14.27245,2.5976655,57.527664
703,2021-12-04,65.156075,325.102727,13.97463,2.495117,38.191163
704,2021-12-05,59.134349,397.994756,13.845579,2.421466,46.05566399999999
705,2021-12-06,66.650347,290.477691,13.902112,2.5033465,52.09174600000001
706,2021-12-07,66.470228,303.96508,13.211217,2.3950845,30.454279
707,2021-12-08,69.966532,430.064376,12.421315,2.4994555,33.73228
708,2021-12-09,85.717588,394.970977,12.576758,2.3036865,31.76908
709,2021-12-10,86.658526,425.548101,12.887033,2.4195045,20.688678
710,2021-12-11,91.767051,267.400719,14.244643,2.471271,49.200753
711,2021-12-12,101.74759,101.405822,14.144433,2.537779,53.726828
712,2021-12-13,104.793788,93.931646,13.672227,2.5108425000000003,47.2663
713,2021-12-14,99.2908,60.757244,13.256186,2.6705955,46.68447
714,2021-12-15,96.479097,107.873025,14.070636,2.7972925,45.833465000000004
715,2021-12-16,91.435215,148.447299,14.249161,2.7287875,41.362431
716,2021-12-17,97.861166,113.907316,14.274851,2.754273,39.43791999999999
717,2021-12-18,104.860302,84.103702,14.563028,2.7991235000000003,30.616701
718,2021-12-19,91.334943,126.263795,14.57163,2.6999715,37.128845
719,2021-12-20,106.037189,124.230657,14.421012,2.768635,22.31411
720,2021-12-21,113.015149,134.887381,15.427222,2.7741165,19.942083
721,2021-12-22,105.468319,141.715322,15.148696,2.7785475,25.25453
722,2021-12-23,96.471437,162.043332,14.709462,2.732786,12.038316
723,2021-12-24,69.036364,198.255656,15.153655,2.7866735,16.484030999999998
724,2021-12-25,58.71732,160.513807,14.655908,2.8265575,14.49046
725,2021-12-26,62.615843,235.976036,15.097531,2.8209565,13.596909
726,2021-12-27,65.94683900000001,391.926864,13.878218,2.717203,32.734016
727,2021-12-28,69.862989,380.579904,13.956808,2.6758835,30.129662999999997
728,2021-12-29,75.985503,215.254634,14.314889,2.798744,42.078444000000005
729,2021-12-30,76.96755800000001,94.137892,14.243355,2.810163,52.462457
730,2021-12-31,68.064126,120.732452,14.218058,2.8027805,55.647803
731,2022-01-01,49.977614,139.626383,13.948446,2.8069565,52.52966000000001
732,2022-01-02,52.67185,103.705874,14.213511,2.767441,47.46578
733,2022-01-03,53.077433,152.618403,14.293221,2.754361,53.477139
734,2022-01-04,51.506319000000005,305.404417,14.990944,2.7372215,29.291062000000004
735,2022-01-05,57.204864,295.407698,14.796646,2.7678175,36.583953
736,2022-01-06,60.82919,204.61548,14.546765,2.7383665,59.576695
737,2022-01-07,61.838211,216.527989,14.99634,2.2385335,59.860436
738,2022-01-08,56.449569,267.811847,14.894217,2.7423175,47.439795
739,2022-01-09,48.002614,393.254849,14.074749,2.7565735,44.203273
740,2022-01-10,71.548075,307.710197,14.262652,2.712497,40.68813299999999
741,2022-01-11,72.597988,244.617623,14.453605,2.5624455,50.307107
742,2022-01-12,64.169849,263.677608,13.920899,2.562569,61.675708
743,2022-01-13,92.77688,129.536027,14.360583,2.5328815,59.606967
744,2022-01-14,94.155755,84.743818,14.366433,2.676484,58.259237999999996
745,2022-01-15,91.897093,62.950581,14.891587,2.676911,59.16451
746,2022-01-16,77.930848,65.18016300000001,14.354932000000002,2.675375,62.745732000000004
747,2022-01-17,86.795307,77.14612600000001,13.525899,2.476877,67.801958
748,2022-01-18,88.297909,51.623799,12.981925,2.363763,68.32803799999999
749,2022-01-19,79.457701,96.967658,13.026329,2.386105,67.220999
750,2022-01-20,69.43113199999999,209.238105,13.42084,2.3591265,67.518356
751,2022-01-21,55.317069,308.179115,13.307717,2.1412415,69.101208
752,2022-01-22,52.918314,175.449539,13.299016,2.364156,62.11274900000001
753,2022-01-23,66.034786,95.110333,12.458141,2.453139,50.314279
754,2022-01-24,93.488907,82.523812,12.443726,2.5005665,47.612781000000005
755,2022-01-25,75.78536,103.98276,13.221994,2.529914,48.140925
756,2022-01-26,82.579864,126.042576,13.006553,2.551505,40.202561
757,2022-01-27,66.981804,135.88542900000002,13.439819,2.5112635,53.780999
758,2022-01-28,54.868246,214.710929,13.543537,2.5036525000000003,73.22846000000001
759,2022-01-29,54.098189,116.010519,13.43895,2.534727,74.005466
760,2022-01-30,52.944092,92.209933,13.311072,2.499095,62.416039999999995
761,2022-01-31,50.224619,292.30757,12.87217,2.481409,65.610512
762,2022-02-01,43.991863,314.68843300000003,12.455321,2.559677,77.020765
763,2022-02-02,45.799616,144.39986,13.256422,2.634771,81.477727
764,2022-02-03,44.746372,84.006011,13.34214,2.563991,60.721868
765,2022-02-04,43.792116,105.636059,13.298416,2.648,36.540589
766,2022-02-05,27.914378,195.884474,12.930404,2.68725,52.746763
767,2022-02-06,32.253266,153.015786,13.212727,2.688971,65.76629700000001
768,2022-02-07,34.202998,235.313763,13.106347,2.636666,82.80437500000001
769,2022-02-08,35.435235,136.930457,14.035897,2.597517,80.866253
770,2022-02-09,44.356763,103.128742,14.139767,2.6548025,74.624488
771,2022-02-10,52.361554,50.506982,13.3145,2.618812,68.14196100000001
772,2022-02-11,57.390492,74.347414,13.213434,2.630877,64.327691
773,2022-02-12,46.116569000000005,52.034891,13.357583,2.691651,54.192992000000004
774,2022-02-13,28.136996,250.749109,13.121155,2.664562,45.00394
775,2022-02-14,36.444867,303.724432,12.730901,2.6493725,75.18673700000001
776,2022-02-15,43.54655,240.04665,12.580269,2.48127,85.809003
777,2022-02-16,27.849294,321.315067,12.307125,2.451234,68.937567
778,2022-02-17,42.871459,180.262017,13.079813,2.554138,86.086459
779,2022-02-18,47.616089,150.23137599999998,13.612342,2.5342615,80.89383
780,2022-02-19,33.037434999999995,233.207092,14.021915000000002,2.5932535,50.918618
781,2022-02-20,39.444094,142.157428,13.819887,2.547463,87.85836499999999
782,2022-02-21,40.14206,197.196194,13.704851,2.6025145000000003,96.81604999999999
783,2022-02-22,41.178103,181.363677,14.105458,2.664892,100.820525
784,2022-02-23,47.705327,111.784252,13.380933,2.6421460000000003,68.553235
785,2022-02-24,53.455103,135.559761,14.087952,2.6972805,44.363353000000004
786,2022-02-25,47.803921,303.648468,13.906098,2.7101985,32.173438
787,2022-02-26,48.600059,178.888838,13.957716,2.715881,31.268462999999997
788,2022-02-27,48.49728,66.641313,13.007613,2.4942685,57.820525
789,2022-02-28,40.280311000000005,66.294226,13.826017,2.315097,89.46195600000001
790,2022-03-01,46.023597,131.054193,14.504536,2.176565,90.75505700000001
791,2022-03-02,49.942987,191.23772,13.540314,2.3625005,86.81113
792,2022-03-03,58.474115,184.143551,14.113569,2.5178495,38.455945
793,2022-03-04,48.507676,285.856794,14.615314,2.6571175,64.57594
794,2022-03-05,58.040041,165.91769200000002,14.650826,2.6745755,61.477548999999996
795,2022-03-06,54.900447,132.185701,14.489239,2.5969955,70.920839
796,2022-03-07,69.77714200000001,105.564283,14.424956,2.574323,53.399327
797,2022-03-08,46.121917,170.856247,14.024229,2.5354205000000003,57.502969
798,2022-03-09,52.490352,161.773514,13.527277,2.5834565,79.711524
799,2022-03-10,44.982557,203.952628,14.136726,2.6026105,78.466594
800,2022-03-11,50.819985,251.17931,14.248226,2.592602,26.697464999999998
801,2022-03-12,49.356136,233.443773,14.079642,2.813238,66.088438
802,2022-03-13,50.738052,164.167283,13.54704,2.8508795,83.84744099999999
803,2022-03-14,53.879745,360.837584,12.263285,2.7800955,19.631606
804,2022-03-15,78.979217,326.436223,13.0266,2.760812,20.187362
805,2022-03-16,86.23634,208.154855,13.54839,2.8661895,12.126506000000001
806,2022-03-17,56.761152,395.206543,14.022064,2.967838,24.414684000000005
807,2022-03-18,64.052861,206.633565,14.040993,2.9769025,39.665644
808,2022-03-19,53.374582,140.948172,13.284053,2.994645,50.218991
809,2022-03-20,43.674303,240.672528,11.818312,2.9907315,46.892575
810,2022-03-21,44.797134,285.448645,11.092488,2.897348,33.132257
811,2022-03-22,51.763324,308.131853,11.785382,2.779124,37.624489999999994
812,2022-03-23,63.700794,280.668622,13.415209999999998,2.8098765,28.878525
813,2022-03-24,75.864656,227.586942,13.680388,2.832151,23.234479
814,2022-03-25,68.447001,187.349187,13.986914,2.5899035,27.840985
815,2022-03-26,64.780328,117.391578,13.761851,2.557088,44.19876
816,2022-03-27,44.230894,119.648473,13.578252,2.4926785,73.72179200000001
817,2022-03-28,55.131798,177.535133,14.028414,2.5468655,60.710992000000005
818,2022-03-29,67.287451,65.512528,14.341705,2.5513505,41.94539
819,2022-03-30,60.321097,187.491897,14.383919,2.3495945000000003,60.103334000000004
820,2022-03-31,62.02046300000001,311.56419300000005,13.921624,1.787923,73.134367
821,2022-04-01,62.858495000000005,324.20962699999995,13.817472,2.177524,102.129157
822,2022-04-02,46.888839,251.770297,14.104796,2.2354615,126.19986800000001
823,2022-04-03,36.163316,247.525747,14.211517,2.4664140000000003,116.24554599999999
824,2022-04-04,55.293854,301.60126899999995,14.475456,2.5450745,59.072441000000005
825,2022-04-05,79.369582,181.09049,14.144008,2.5690745,40.656011
826,2022-04-06,68.924125,143.313486,14.376645,2.5202705,107.24445
827,2022-04-07,49.483292,296.452414,14.136298,2.476923,126.80804599999999
828,2022-04-08,45.918688,347.050966,14.424726,2.3807815,89.37724
829,2022-04-09,63.347982,146.08863,14.688441999999998,2.6168715,91.97542
830,2022-04-10,33.613262000000006,188.863604,13.774085,2.478277,119.23225099999999
831,2022-04-11,39.563517,342.560156,14.430887,2.3570495,78.770228
832,2022-04-12,65.897653,175.159063,14.643043,2.576304,55.699514
833,2022-04-13,66.54319,119.452591,14.752785,2.6912205,88.568629
834,2022-04-14,50.705042,119.459917,15.022189,2.818739,114.665115
835,2022-04-15,44.066547,69.89465799999999,15.183191999999998,2.7524555,127.210344
836,2022-04-16,34.889572,137.312289,14.485132,2.6133895000000003,136.416811
837,2022-04-17,42.17857,124.359011,14.613809,2.6640095,123.62996799999999
838,2022-04-18,48.861316,174.549473,14.422027,2.5832635,129.937406
839,2022-04-19,52.293718,248.60784,14.755069,2.5828115,83.605878
840,2022-04-20,58.406141000000005,348.176006,13.87916,2.447714,55.80818
841,2022-04-21,74.473783,223.474693,14.647257,2.5777145,118.06886800000001
842,2022-04-22,76.828932,179.351018,14.271394,2.734802,40.850991
843,2022-04-23,46.749444,347.508713,13.523555,2.635194,78.004244
844,2022-04-24,58.97823,169.290687,13.914706,2.6118245,124.21414200000001
845,2022-04-25,68.68108900000001,35.047695,14.001143,2.3179955,140.454514
846,2022-04-26,71.71553,67.31409,14.056401,1.5335315,97.36328800000001
847,2022-04-27,80.363956,48.844415,13.967869,1.4846355,79.848613
848,2022-04-28,95.0729,90.648742,14.565099,1.5678105,80.63391700000001
849,2022-04-29,98.852523,83.261468,14.5425,2.204134,136.515595
850,2022-04-30,85.7685,123.56692,14.546307,2.6273065,125.60714899999999
851,2022-05-01,64.193616,102.147653,14.168264,2.627853,134.177458
852,2022-05-02,72.25161299999999,161.417237,13.91185,2.524433,105.900934
853,2022-05-03,92.082269,187.799287,14.057953,2.421487,74.574813
854,2022-05-04,105.473602,179.510926,14.607348,2.4291655,81.346981
855,2022-05-05,85.007716,202.590184,14.630777,2.3371685,135.909537
856,2022-05-06,67.309008,227.599874,14.740174,2.4828165,150.72502300000002
857,2022-05-07,70.828465,153.394299,15.060923,2.475201,149.304248
858,2022-05-08,63.040916,102.719566,13.516648,2.5012575000000004,146.095509
859,2022-05-09,77.463905,63.71855,11.624047,2.483654,146.283042
860,2022-05-10,81.576205,78.83957099999999,10.565464,2.557143,146.470047
861,2022-05-11,75.61089100000001,125.222883,10.615599,2.7263315,138.74517
862,2022-05-12,65.984231,132.178189,12.273509,2.69572,118.72734700000001
863,2022-05-13,72.73129300000001,50.623599,12.371072,2.726383,138.697616
864,2022-05-14,51.267485,108.11325,12.808812,2.749563,117.213686
865,2022-05-15,50.333333,200.495485,12.550787,2.706241,112.37875700000001
866,2022-05-16,60.336621,124.238426,12.933259,2.7472225,140.571115
867,2022-05-17,62.90999,108.536997,12.906641,2.5611505,147.067884
868,2022-05-18,57.090866,115.310674,12.645053,2.333167,134.431023
869,2022-05-19,61.096825,191.826251,12.363758,2.326609,127.3178
870,2022-05-20,58.018550000000005,209.3268,12.400321,2.369539,101.325219
871,2022-05-21,53.69022,175.48704500000002,13.33995,2.3617635,88.721118
872,2022-05-22,48.593193,158.342339,12.963308,2.4248555,89.437153
873,2022-05-23,58.675803,174.839413,12.848448,2.6715505,135.914628
874,2022-05-24,51.726035,201.269741,11.214641,2.724394,117.047223
875,2022-05-25,44.931992,232.389995,11.103389,2.7353,140.680734
876,2022-05-26,40.616912,245.600352,11.209232,2.712295,157.109191
877,2022-05-27,42.609572,224.903655,12.130038,2.690528,156.073597
878,2022-05-28,49.08277,142.942501,12.489476,2.666224,150.335324
879,2022-05-29,36.046819000000006,147.656076,12.351602000000002,2.6593375,136.732076
880,2022-05-30,46.554219,105.594118,13.028262,2.7558035,107.664942
881,2022-05-31,56.579622,53.205262000000005,13.906188,2.7799905,147.24242
882,2022-06-01,51.985712,115.490106,13.347636,2.775627,126.92796200000001
883,2022-06-02,63.314456,71.622829,13.468468,2.521471,111.722897
884,2022-06-03,56.879841,77.857705,14.031619,2.4680145,121.65006799999999
885,2022-06-04,42.978215,88.411852,13.596997,2.481392,127.33910300000001
886,2022-06-05,34.894219,81.199894,13.094271,2.465056,145.226914
887,2022-06-06,41.266277,97.977241,12.813872,2.408786,136.224109
888,2022-06-07,40.126335,91.607207,13.195819,2.569659,146.100988
889,2022-06-08,39.283349,184.682507,13.472479,2.5016075,117.811971
890,2022-06-09,42.000084,163.48859299999998,13.771548,2.352266,148.82164600000002
891,2022-06-10,46.479198,128.715146,13.662621,2.572867,127.062714
892,2022-06-11,42.776413,176.72085099999998,12.665666,2.6277045,130.541882
893,2022-06-12,35.713415,203.373297,12.278937,2.582594,125.14162999999999
894,2022-06-13,62.506621,163.955742,11.944428,2.541816,107.67773
895,2022-06-14,58.742361,87.170833,12.529336,2.3783865,113.86934
896,2022-06-15,70.242313,98.328626,13.355957,2.201128,92.130603
897,2022-06-16,39.092598,107.331607,14.605475,2.208784,98.03682400000001
898,2022-06-17,29.58281,130.593875,14.99955,2.078975,107.989953
899,2022-06-18,35.901063,191.397565,15.001497,2.016384,122.133828
900,2022-06-19,25.842689,216.582556,14.75499,2.3716395,121.34601099999999
901,2022-06-20,34.989492,117.386349,14.31394,2.4438735,112.917239
902,2022-06-21,38.238198,97.259078,14.374023,2.6673955,102.043104
903,2022-06-22,31.398422,83.972021,14.429177,2.9105505,104.105135
904,2022-06-23,23.688187000000003,118.840043,14.430378,2.9034795,106.683988
905,2022-06-24,25.438639,147.775687,14.530812,2.968781,144.054497
906,2022-06-25,25.905014,116.631474,14.876819,2.9475395,143.026944
907,2022-06-26,26.630568,125.481718,14.528238,2.871982,145.63446
908,2022-06-27,28.105104,192.056812,14.440559,2.902725,137.040846
909,2022-06-28,33.770895,84.76177,14.500046,2.8064075,143.770435
910,2022-06-29,30.16259,114.252625,14.384224,2.686083,149.696667
911,2022-06-30,34.97993,136.12043,14.480875,2.7139575,141.206041
912,2022-07-01,39.276686,118.066198,14.768148,2.6626885,141.45135
913,2022-07-02,34.327792,141.279989,14.303977,2.6095085,135.800669
914,2022-07-03,31.877044,169.738636,13.054873,2.605214,117.713907
915,2022-07-04,33.654235,154.547855,12.785605,2.596271,138.745894
916,2022-07-05,30.892832,225.298062,12.978128,2.5785035,126.119047
917,2022-07-06,30.214859,239.507371,13.354295,2.5463755,123.328825
918,2022-07-07,27.922401,262.402662,13.010434,2.4373715,141.925167
919,2022-07-08,28.68895,213.687587,12.791632,2.328173,142.238719
920,2022-07-09,29.544605,142.447902,13.244653,2.3072175,142.96743700000002
921,2022-07-10,25.726962,108.809345,13.487177,2.3590035,134.89755399999999
922,2022-07-11,35.055116000000005,116.03675,13.652057,2.4751115,129.830509
923,2022-07-12,40.469665,111.425108,13.848699,2.2409025,112.977839
924,2022-07-13,45.200251,102.756482,14.007046,2.0253295,124.49989400000001
925,2022-07-14,39.917429,116.829637,13.923997,2.040224,116.990526
926,2022-07-15,28.895488,158.777046,13.563159,2.103842,119.79117
927,2022-07-16,27.657279,95.311022,13.475018,2.366765,124.291532
928,2022-07-17,24.822397,113.575338,13.021868,2.5469725,119.443175
929,2022-07-18,28.152285,156.66989900000002,13.532759,2.5208305,124.971119
930,2022-07-19,29.545612,174.263867,13.900058,2.5844405000000004,140.863666
931,2022-07-20,35.792462,117.77922,14.346302,2.5709075,143.302908
932,2022-07-21,32.246912,158.38849299999998,13.773413,2.5691415,138.824347
933,2022-07-22,39.444563,170.128578,12.228797,2.5494375,133.084806
934,2022-07-23,31.539793000000003,119.00001,12.543191,2.5950855,135.730009
935,2022-07-24,36.022363,85.416444,11.96841,2.6299295000000003,126.98716
936,2022-07-25,32.321097,140.79994200000002,11.945501,2.621472,126.97576000000001
937,2022-07-26,40.667414,175.352457,11.237299,2.557355,136.690878
938,2022-07-27,41.599715,131.656283,12.33007,2.5847130000000003,140.470122
939,2022-07-28,48.29275,86.040747,12.730441,2.465097,133.607314
940,2022-07-29,45.270223,122.783274,13.368623,2.206446,132.005114
941,2022-07-30,26.649232,196.511086,13.154035,2.191464,120.011918
942,2022-07-31,23.298001,141.58738200000002,13.01593,2.2567275,132.06027799999998
943,2022-08-01,38.586411,122.814983,13.510814,2.289437,128.992645
944,2022-08-02,40.706701,102.307266,13.263917,2.1530615,128.982786
945,2022-08-03,33.659958,129.978587,13.061655,2.194323,131.076273
946,2022-08-04,32.068973,176.731443,12.910291,2.059251,134.543093
947,2022-08-05,29.975213,215.403745,12.760834,2.039334,141.400883
948,2022-08-06,27.475678,166.282095,12.552471,2.2762715,139.05567299999998
949,2022-08-07,24.317438,132.165089,12.549407,2.220873,135.860083
950,2022-08-08,31.985724,117.446446,12.508477999999998,2.415589,133.994156
951,2022-08-09,30.340493,157.29310999999998,12.272683,2.4478205,119.306267
952,2022-08-10,32.793902,127.529022,11.964359,2.4124355,116.629227
953,2022-08-11,33.65068,102.110076,11.967591,2.473863,126.076123
954,2022-08-12,46.060301,75.774852,13.175269,2.3268745,110.410763
955,2022-08-13,29.913146,184.129389,12.802104,2.478917,55.311685
956,2022-08-14,19.201347,147.07951300000002,13.505482,2.4373955,127.984303
957,2022-08-15,23.340642,119.694997,11.921902,2.4076075,139.266419
958,2022-08-16,26.808015,176.459006,11.240863,2.2381005,129.01542899999998
959,2022-08-17,25.75473,179.385047,11.407147,2.0136715,132.78221399999998
960,2022-08-18,31.020376,190.358029,11.753781,2.0472445,138.797087
961,2022-08-19,36.442765,151.098202,12.472294,1.9024035,141.517673
962,2022-08-20,32.412565,86.64338099999999,13.096847,1.892517,137.33085599999998
963,2022-08-21,21.363557,124.598255,12.956088,1.9829475,140.09973300000001
964,2022-08-22,30.158021,188.178385,11.425393,2.0331885,139.14920999999998
965,2022-08-23,38.093533,127.692653,11.469177,2.0160485,126.15946699999999
966,2022-08-24,34.356291,105.193828,11.431972,1.901883,114.842597
967,2022-08-25,25.376122,146.169024,10.956325,1.8532885,121.600758
968,2022-08-26,28.655888,195.194845,12.905039,1.8294375,123.33135999999999
969,2022-08-27,32.658178,105.70949,12.582491,1.8178605,126.11327200000001
970,2022-08-28,25.075643,110.663321,12.28949,1.7842905,118.366223
971,2022-08-29,35.332007,135.97792199999998,12.427424,1.810394,92.33681099999998
972,2022-08-30,45.592288,63.707634,12.218873,1.8523575,96.900255
973,2022-08-31,28.999013,97.956247,12.095886,1.879464,116.423023
974,2022-09-01,24.031979,64.703745,11.673576,1.9297525,101.447793
975,2022-09-02,21.157405,104.857427,11.483359,1.9822605,112.11079699999999
976,2022-09-03,19.297479,112.861836,11.496784,2.178149,124.05527799999999
977,2022-09-04,19.054268,146.63799,11.524294,2.238095,136.582642
978,2022-09-05,23.467913,164.08722899999998,10.660822,2.213657,133.062107
979,2022-09-06,20.336806,163.941246,10.52462,2.093458,126.622632
980,2022-09-07,27.592298,148.377666,10.846289,2.05114,106.370362
981,2022-09-08,36.471464,90.54473,11.017901,2.054686,109.837704
982,2022-09-09,56.777958,69.995026,10.946495,1.991145,123.263338
983,2022-09-10,35.054783,46.038531000000006,10.373208,1.842982,127.629561
984,2022-09-11,25.645928,104.506384,10.968656,1.787001,116.379049
985,2022-09-12,26.857322,194.751927,10.103543,1.8244935,47.508121
986,2022-09-13,37.136519,262.70939500000003,11.340619,1.8231935,45.539662
987,2022-09-14,41.694347,136.690365,12.387254,2.1661835000000003,70.61879499999999
988,2022-09-15,61.326694,58.4871,12.977604,2.2708935,83.24202899999999
989,2022-09-16,66.28411100000001,155.45254699999998,12.469368,2.3067345,118.492422
990,2022-09-17,45.420809,176.918193,8.97331,2.148819,118.65566
991,2022-09-18,43.202064,119.851286,12.15859,2.3065535,100.756258
992,2022-09-19,57.725529,80.374137,12.955367,1.888036,98.016831
993,2022-09-20,58.218798,101.42125,12.537328,1.441002,111.985221
994,2022-09-21,62.71436,104.336513,12.446256,1.3898065,80.57889899999999
995,2022-09-22,58.819475,54.803449,13.608821,1.474771,111.92823999999999
996,2022-09-23,59.192638,90.995753,12.814237,1.585617,107.926896
997,2022-09-24,51.192903,169.825042,11.828691,1.5098525,101.07347100000001
998,2022-09-25,47.134112,173.167314,11.225952,1.8500035,91.97707299999999
999,2022-09-26,44.923024,161.491969,10.872469,2.1520475,104.348218
1000,2022-09-27,17.593172,221.41266,9.972222,2.612129,120.43679499999999
1001,2022-09-28,19.042897,245.701524,10.061577,2.3548180000000003,114.98880799999999
1002,2022-09-29,23.009219,264.975529,10.410285,1.9379605,68.159632
1003,2022-09-30,23.350965,202.65063,10.781566000000002,2.2633985,121.081879
1004,2022-10-01,18.666833,74.51867600000001,12.459459,2.478378,121.55493299999999
1005,2022-10-02,15.411845,86.88688499999999,12.395089,2.3065065,110.30106199999999
1006,2022-10-03,28.333831,43.861696,12.060448,2.1291475,75.812271
1007,2022-10-04,23.874291,49.577763,11.815011,2.515248,93.37273400000001
1008,2022-10-05,16.685975,96.105229,12.281244,2.4199520000000003,91.482517
1009,2022-10-06,17.388372999999998,170.530022,11.49559,2.33333,88.738388
1010,2022-10-07,21.780005000000003,86.56751700000001,11.751843999999998,2.3679445,91.511177
1011,2022-10-08,13.724899,141.757095,11.811743,2.377675,97.538096
1012,2022-10-09,12.74165,102.757825,10.617461,2.3784435,87.238357
1013,2022-10-10,22.919894,57.339339,12.488755,2.2483735,53.893245
1014,2022-10-11,19.698027,49.675004,13.164685,2.425968,63.454151
1015,2022-10-12,13.995377,63.021186,12.356325,2.348913,96.35671599999999
1016,2022-10-13,19.80348,67.33371000000001,12.584988,2.3075845,101.531693
1017,2022-10-14,19.072497,104.366667,13.255384,2.450533,106.850501
1018,2022-10-15,14.109407,120.779166,13.253832,2.505837,103.20432600000001
1019,2022-10-16,15.328062,218.554481,11.921659,2.497904,58.059953
1020,2022-10-17,19.844911,194.363576,11.339128,2.476461,79.492282
1021,2022-10-18,19.939184,241.544175,10.506507,2.4975185,73.54818200000001
1022,2022-10-19,21.352951,283.835588,10.237988,2.3185055,34.099168
1023,2022-10-20,27.181548,304.292776,10.198675,1.9115395,19.610831
1024,2022-10-21,33.539494,262.068443,10.865555,1.7494415,29.807196
1025,2022-10-22,28.261881,255.996727,11.642372,2.2599315,54.775714
1026,2022-10-23,28.690984,312.79784,11.229385,2.328807,42.614509
1027,2022-10-24,40.804368,138.290206,10.901141,2.29022,52.626343999999996
1028,2022-10-25,30.089531,244.899941,11.210997,2.400704,47.765283000000004
1029,2022-10-26,38.65938,176.663567,11.216045,2.4174665,44.898275999999996
1030,2022-10-27,23.658026000000003,308.402561,11.322535,2.237678,63.005680000000005
1031,2022-10-28,26.500636,242.978935,12.178074,2.242935,60.033126
1032,2022-10-29,27.672152,250.977812,12.241849,2.2486375,68.722526
1033,2022-10-30,29.896329,122.987041,13.83692,2.291422,53.592322
1034,2022-10-31,29.622296,227.199571,12.43172,2.1214155,25.454482000000002
1035,2022-11-01,28.573907,73.25588499999999,12.688431,2.1657155,72.61012600000001
1036,2022-11-02,33.098377,72.660016,12.623126,2.1626045,74.62734800000001
1037,2022-11-03,34.338858,234.578155,12.438127,2.301681,34.055637000000004
1038,2022-11-04,31.244195,241.822564,13.251036,2.3195075000000003,67.847606
1039,2022-11-05,25.26803,120.368014,12.986039,2.295125,95.01847500000001
1040,2022-11-06,24.977342,146.57340299999998,12.336123,2.1124025,89.26588
1041,2022-11-07,33.488663,176.520658,12.492865,2.1458015,79.56692000000001
1042,2022-11-08,29.488732,238.538701,12.548466,2.2158155,46.124994
1043,2022-11-09,33.537729,145.754437,12.515935,2.304005,44.913674
1044,2022-11-10,35.518831,76.795974,12.647973,2.3425390000000004,79.44944100000001
1045,2022-11-11,28.591747,182.716672,12.605664,2.2790985,60.712644000000004
1046,2022-11-12,26.531223,251.487237,12.535647,2.1033385,58.958172000000005
1047,2022-11-13,29.316003,147.052313,12.885106,2.1281165,74.09183399999999
1048,2022-11-14,33.689924,188.686292,12.487814,2.1065885,39.657761
1049,2022-11-15,29.9071,348.82698700000003,12.408567,2.1933165,28.577305
1050,2022-11-16,31.488751,390.742223,12.088561,2.0580235,18.306721999999997
1051,2022-11-17,34.649246,382.246282,11.804442,2.1324805,35.561201
1052,2022-11-18,42.878682,256.687916,12.426514,2.1983235,39.906721000000005
1053,2022-11-19,35.057205,339.87658600000003,11.921165,2.282722,59.218084
1054,2022-11-20,34.163338,248.689458,11.634255,2.3410815,50.284237
1055,2022-11-21,42.762093,414.272199,10.218347,2.294069,20.9876
1056,2022-11-22,54.204126,419.455841,9.363006,2.3814195,23.960524
1057,2022-11-23,62.754153,359.62548200000003,10.373764,2.3948045,30.587255
1058,2022-11-24,76.13435799999999,178.570023,11.723895,2.3912115,31.327529000000002
1059,2022-11-25,69.111113,213.191696,11.821689,2.3014005,61.112019000000004
1060,2022-11-26,74.85457799999999,137.92548499999998,12.140225,2.3559965000000003,75.596195
1061,2022-11-27,67.449943,124.413543,12.325097,2.4281115,63.96502900000001
1062,2022-11-28,54.552621,321.15974800000004,12.102378,2.3813385,71.901005
1063,2022-11-29,86.81123699999999,191.083962,12.536969,2.2575535,67.70747200000001
1064,2022-11-30,87.16094100000001,58.879047,12.735005,2.1615230000000003,47.521207
1065,2022-12-01,79.99594,156.378323,11.382215,2.2099415,50.64993
1066,2022-12-02,85.620832,79.79966499999999,12.023483,2.492053,55.947016000000005
1067,2022-12-03,88.522887,66.29194199999999,11.912329,2.4692420000000004,48.127286000000005
1068,2022-12-04,86.45276,56.494998,12.100803,2.4130265,40.574785
1069,2022-12-05,83.981405,130.699769,11.641528,2.27467,15.838018
1070,2022-12-06,83.064435,31.124798,12.187191,2.2383035,25.017367
1071,2022-12-07,73.030551,46.090637,11.873564,2.2038465,29.340072
1072,2022-12-08,67.949323,179.030799,11.434528,2.4424475,17.989674
1073,2022-12-09,70.991819,178.337621,11.289695,2.4971115,17.352225000000004
1074,2022-12-10,55.477701,248.112,11.4683,2.541091,35.781121999999996
1075,2022-12-11,57.514055,140.65009700000002,11.976841,2.5651315,19.571706
1076,2022-12-12,63.982291,343.01304200000004,11.581411,2.335708,16.963130000000003
1077,2022-12-13,91.608267,284.919497,11.934693,2.347122,11.901882
1078,2022-12-14,110.114294,243.048034,11.410458,2.2015905,24.709302
1079,2022-12-15,104.821504,189.904548,12.044634,2.1276680000000003,32.237849000000004
1080,2022-12-16,128.288394,139.894584,12.216652,2.1512555000000004,30.974040000000002
1081,2022-12-17,122.332948,58.711485,12.333515,2.316312,40.439510000000006
1082,2022-12-18,68.043333,185.50866,11.806885,2.4465545000000004,59.175294
1083,2022-12-19,89.69488899999999,251.998444,10.747451,2.307096,52.155743
1084,2022-12-20,103.660393,283.79850300000004,10.639853,2.2393385,27.53722
1085,2022-12-21,112.412767,320.402191,10.451565,2.1649935,32.659596
1086,2022-12-22,127.089735,300.017403,9.949846,2.2453285000000003,34.890144
1087,2022-12-23,104.53965,261.699618,7.678896,2.4638755,45.419075
1088,2022-12-24,77.502567,174.19119899999998,6.828393,2.4986945,52.255422
1089,2022-12-25,63.409985,171.786989,6.367339,2.5116155,48.252821000000004
1090,2022-12-26,100.161484,57.581964,7.504481,2.4398375,63.057248
1091,2022-12-27,130.257465,70.885248,10.390023,2.5909215,68.375697
1092,2022-12-28,85.486462,202.990512,7.744126,2.327151,63.705574999999996
1093,2022-12-29,87.93127199999999,239.876514,6.860431999999999,2.3033875,34.730016
1094,2022-12-30,72.81342,315.507507,6.2748360000000005,2.4256170000000004,38.816446
1095,2022-12-31,72.827901,169.286817,5.827711,2.482224,54.599041
1096,2023-01-01,76.797427,161.169402,5.246366,2.472641,35.513771999999996
1097,2023-01-02,136.436274,97.541871,9.094917,2.3794275,31.904201
1098,2023-01-03,153.684712,72.77421799999999,10.802289,2.594831,57.258828
1099,2023-01-04,138.118538,68.619425,10.66745,2.6352040000000003,64.02911399999999
1100,2023-01-05,143.04825200000002,45.44911,10.719863,2.6505345,63.570606
1101,2023-01-06,131.057103,85.822356,11.12863,2.6360810000000003,59.636377
1102,2023-01-07,74.22636100000001,306.754403,6.7202470000000005,2.594704,37.014518
1103,2023-01-08,81.003281,376.52723,6.215901,2.444483,17.674579
1104,2023-01-09,102.242106,302.37444,9.236112,2.36384,50.910193
1105,2023-01-10,148.95574,211.412213,11.43452,2.4013995,48.419629
1106,2023-01-11,145.83885,202.77322,11.745733,2.5035415,38.194537999999994
1107,2023-01-12,157.848801,155.51737599999998,11.290622,2.451371,64.52861899999999
1108,2023-01-13,161.580609,157.19293900000002,11.223927,2.5226855,58.062177
1109,2023-01-14,138.361388,183.462108,10.223453,2.4265895,61.217214999999996
1110,2023-01-15,78.27813800000001,292.372677,9.702273,2.396179,44.58184
1111,2023-01-16,96.247492,405.240032,6.629664,2.1960565,31.578371999999998
1112,2023-01-17,92.862342,393.591187,5.459949,2.1458515,38.229729999999996
1113,2023-01-18,101.359423,359.872857,5.431532,2.288903,60.726214999999996
1114,2023-01-19,103.888745,377.543164,5.5261450000000005,2.2421185,65.198432
1115,2023-01-20,124.733021,277.890885,9.050074,2.3550295,56.101136999999994
1116,2023-01-21,108.154567,274.149716,9.626082,2.3778415,62.828167
1117,2023-01-22,100.414332,295.846968,8.527804,1.995777,83.53743499999999
1118,2023-01-23,129.120944,315.892911,9.418011,1.544056,81.744957
1119,2023-01-24,156.813312,240.882267,10.103688,1.4797905,67.745999
1120,2023-01-25,163.728905,226.816204,11.05236,1.4754525,80.78999400000001
1121,2023-01-26,159.441339,319.444678,10.827322,1.328792,55.917232
1122,2023-01-27,140.79197399999998,343.481449,10.104581,1.3762155,83.498498
1123,2023-01-28,107.035241,305.845662,9.603512,1.5233495,91.653209
1124,2023-01-29,105.726002,232.1492,9.89357,1.852718,88.51808100000001
1125,2023-01-30,155.792932,156.58204199999997,11.38058,2.1074895,88.04095500000001
1126,2023-01-31,145.877801,212.120133,12.355673,2.365885,91.71435699999999
1127,2023-02-01,137.73694,216.715715,12.272255,2.4512005,91.670929
1128,2023-02-02,139.000013,115.212647,12.917606,2.6548225000000003,96.67818
1129,2023-02-03,143.516445,62.668604,13.209924,2.5778055,101.425628
1130,2023-02-04,95.430067,186.825318,12.711494,2.4824465,104.331751
1131,2023-02-05,63.292468,283.44919,11.602154,2.389255,100.254076
1132,2023-02-06,82.977585,277.445759,12.727219,2.2495185,88.703163
1133,2023-02-07,126.526151,189.28555,12.760483,2.3138375,43.762921
1134,2023-02-08,122.428922,171.442523,12.387268,2.43515,42.34724
1135,2023-02-09,106.69579,137.418642,13.146281,2.4556045,81.69148799999999
1136,2023-02-10,109.24614,129.162926,13.384989,2.544145,80.714758
1137,2023-02-11,80.434735,157.987358,13.03055,2.553509,79.362302
1138,2023-02-12,75.415869,147.655272,12.648935,2.615053,71.901609
1139,2023-02-13,90.51643,153.701577,12.760753,2.6268800000000003,89.22200699999999
1140,2023-02-14,79.243876,217.924355,12.818481,2.5530055000000003,63.448933
1141,2023-02-15,86.489607,120.476719,13.196477000000002,2.582394,77.19555
1142,2023-02-16,89.028775,61.402329,12.805916,2.375356,96.19998299999999
1143,2023-02-17,73.415397,135.93462599999998,12.866897000000002,2.4430865,78.92534300000001
1144,2023-02-18,68.309878,109.112555,13.04217,2.7942405,68.428776
1145,2023-02-19,59.740591,119.857389,12.832543,2.7496535,67.84428
1146,2023-02-20,67.949908,142.096385,12.368469,2.738415,65.428719
1147,2023-02-21,82.598049,76.089322,12.69366,2.7635605,72.512476
1148,2023-02-22,82.703299,67.144965,12.479147,2.788943,86.282997
1149,2023-02-23,75.090996,150.991098,12.446158,2.7344345,79.019942
1150,2023-02-24,91.123428,74.242802,13.233851,2.5608955,103.72191000000001
1151,2023-02-25,82.477902,106.645421,13.071586,2.8093205,72.818039
1152,2023-02-26,43.564558,345.133506,12.002567,2.6768995,85.713842
1153,2023-02-27,45.341206,400.719778,12.635282,2.5229765000000004,114.413236
1154,2023-02-28,63.229204,319.419038,12.710447,2.520084,122.623749
1155,2023-03-01,83.185233,185.982497,13.362575,2.6315155,121.401362
1156,2023-03-02,84.935093,212.236615,13.346775,2.640593,124.716307
1157,2023-03-03,83.076151,182.709582,13.023279,2.561736,130.174911
1158,2023-03-04,88.088617,101.837351,12.369584,2.620364,117.98551
1159,2023-03-05,92.528449,63.599088,12.471963,2.40829,50.669206
1160,2023-03-06,84.38493,151.17276,11.511648,2.5628215,52.765749
1161,2023-03-07,49.034525,335.77173200000004,10.94032,2.5716415,73.016633
1162,2023-03-08,52.829166,392.36245,10.756688,2.4458395,61.647536
1163,2023-03-09,50.356219,414.816793,9.85305,2.3429725,56.470827
1164,2023-03-10,43.979398,393.123535,8.969121999999999,2.1855205,105.649115
1165,2023-03-11,42.316146,349.692823,8.161253,2.1257705,85.52556499999999
1166,2023-03-12,60.883784,178.93260500000002,9.86352,2.29504,121.815645
1167,2023-03-13,51.467414,290.49694,8.541941000000001,2.2227675,106.17619699999999
1168,2023-03-14,60.754528,259.739534,8.703576,2.182219,131.997102
1169,2023-03-15,93.740264,93.596717,9.792909,2.543467,146.009874
1170,2023-03-16,65.351846,234.047402,9.917936,2.456624,127.048555
1171,2023-03-17,61.002634,287.537445,9.463549,2.419799,94.11940399999999
1172,2023-03-18,72.56894899999999,188.762313,10.336068,2.370485,88.01388800000001
1173,2023-03-19,64.797684,93.491847,10.390057,1.9258305,133.66015099999998
1174,2023-03-20,82.665952,76.375844,10.283145,2.081983,145.66976599999998
1175,2023-03-21,82.150868,61.36311,10.086413,2.1001815,143.28855
1176,2023-03-22,70.65021899999999,130.482132,9.935223,2.100545,143.77981
1177,2023-03-23,60.49154,207.050564,9.723152,2.205273,133.450515
1178,2023-03-24,57.790367,257.970549,9.294741,2.305429,97.057753
1179,2023-03-25,47.144383000000005,166.131217,9.110022,2.402788,132.511243
1180,2023-03-26,32.97673,256.858401,6.814226,2.2378925,116.443332
1181,2023-03-27,70.232582,169.080083,9.036469,2.2942465000000003,142.766831
1182,2023-03-28,83.37802599999999,109.804944,9.886174,2.1939185,153.003335
1183,2023-03-29,62.544293,212.298152,9.315155,2.2088245,139.073956
1184,2023-03-30,56.837025,262.593325,7.625108,2.247321,124.863254
1185,2023-03-31,51.137352,374.843649,4.793931,2.363114,100.028879
1186,2023-04-01,40.257347,284.214268,5.650206,2.516169,109.356522
1187,2023-04-02,34.207192000000006,239.532165,4.953747999999999,2.402788,135.961122
1188,2023-04-03,69.338463,167.52915299999998,6.319733,2.3472755000000003,152.665982
1189,2023-04-04,54.994271,252.309335,7.062718,2.428985,132.644091
1190,2023-04-05,77.055246,136.360959,9.425384,2.462228,164.47531
1191,2023-04-06,59.193053,125.826527,9.72626,2.3354885,157.645895
1192,2023-04-07,49.941467,72.98763000000001,9.310121,2.2957795,154.60031500000002
1193,2023-04-08,58.493039,65.040144,9.21112,2.194288,159.738953
1194,2023-04-09,47.578933,61.787467,9.238335,2.32371,135.75272999999999
1195,2023-04-10,42.489578,111.011641,8.288535,2.3404830000000003,132.826947
1196,2023-04-11,62.816827,134.741801,10.063116,2.3245745,163.21931700000002
1197,2023-04-12,37.23259,311.442352,8.932375,2.416618,122.101022
1198,2023-04-13,44.01659,262.545941,8.339878,1.7912675,144.109422
1199,2023-04-14,42.663547,302.987927,7.389390000000001,1.7106975,133.833181
1200,2023-04-15,37.544038,266.435144,6.030565999999999,1.7072975,149.952752
1201,2023-04-16,34.147727,183.153344,5.954437,1.6251289999999998,149.200131
1202,2023-04-17,50.962484,205.074175,8.004932,1.5743685,172.24505299999998
1203,2023-04-18,52.281094,191.2222,9.248379000000002,1.548507,170.83140500000002
1204,2023-04-19,52.656707,126.356214,9.961604,1.5988385,160.152477
1205,2023-04-20,58.800943,76.04529099999999,9.65285,1.660623,161.907097
1206,2023-04-21,57.165803,149.872858,10.658263000000002,1.6577255,130.296504
1207,2023-04-22,46.484683,155.49671700000002,10.464676,1.633576,122.572059
1208,2023-04-23,30.311244,185.796582,8.595201,1.6756135,143.129956
1209,2023-04-24,48.361952,115.942316,10.674769,1.6915425,173.10667900000004
1210,2023-04-25,48.457325,129.083793,11.515058000000002,1.65654,171.82879599999998
1211,2023-04-26,62.401308,62.328013,11.785896,1.6315305,172.792724
1212,2023-04-27,66.415713,59.637465,12.054774,1.69595,145.694783
1213,2023-04-28,66.619584,124.83154,12.580862,1.622282,121.76306199999999
1214,2023-04-29,55.169237,164.29065400000002,11.54495,1.5837915,116.77327700000001
1215,2023-04-30,42.639066,175.330067,10.44865,1.4732619999999998,119.615579
1216,2023-05-01,42.4121,126.717122,9.7192,1.43305,148.994443
1217,2023-05-02,53.8157,95.081825,11.12801,1.38195,149.40623
1218,2023-05-03,48.340300000000006,195.660654,11.30971,1.35975,137.582084
1219,2023-05-04,52.8956,168.65185699999998,11.79771,1.67295,150.554307
1220,2023-05-05,56.5541,92.107615,12.21711,1.7253,174.604196
1221,2023-05-06,43.5104,107.579916,12.01002,1.47255,164.582148
1222,2023-05-07,45.2879,128.227677,11.04332,1.23165,165.654502
1223,2023-05-08,53.785,114.699501,11.68921,1.1559,164.506597
1224,2023-05-09,47.9906,176.843916,11.59461,1.15625,159.148677
1225,2023-05-10,51.3338,196.092763,11.59381,1.1088,179.391751
1226,2023-05-11,52.0171,208.902579,11.56731,1.163,166.49167
1227,2023-05-12,49.4631,206.318571,11.30382,1.163,153.127872
1228,2023-05-13,39.9519,212.983704,10.27742,1.172,156.579113
1229,2023-05-14,38.3416,189.687758,9.76292,1.1804,141.26568600000002
1230,2023-05-15,40.6447,240.456943,10.37771,1.16515,164.49112399999999
1231,2023-05-16,38.5009,302.49760200000003,10.09771,1.1116,173.370686
1232,2023-05-17,39.5822,327.114376,10.34181,1.1645,130.350227
1233,2023-05-18,43.0387,291.659675,10.30581,1.21555,138.369921
1234,2023-05-19,45.4059,273.566105,10.48742,1.4146,145.863109
1235,2023-05-20,45.7062,201.476819,10.13842,1.07605,120.28377
1236,2023-05-21,45.0142,173.233113,9.74252,1.07985,101.906722
1237,2023-05-22,58.9126,163.38466200000002,11.00051,1.1372,80.38297000000001
1238,2023-05-23,49.7687,183.485746,11.13011,1.21085,79.839465
1239,2023-05-24,48.9835,147.35281099999995,11.48041,1.32645,122.435147
1240,2023-05-25,43.2906,200.653827,11.05631,1.9929,136.767077
1241,2023-05-26,41.6624,210.3925,10.79782,2.28275,102.242471
1242,2023-05-27,46.7669,83.687496,12.02782,2.36595,77.627623
1243,2023-05-28,43.5155,49.557405,11.40592,2.3549,88.99958099999999
1244,2023-05-29,50.8219,58.580648,11.761209999999998,2.397725,115.868949
1245,2023-05-30,62.8643,37.43223,11.70251,2.3948,117.387611
